Category,Market,Merchant door,Ships to,Test product,Variant ID,Item price,Currency,Cart permalink
Home & Living,US,abchome.com,"CA, US",Amiko End Table,47449632309386,279,USD,https://abchome.com/cart/47449632309386:1?attributes[click_id]=example_click_id
Computers & Electronics,MX,acteck.com,MX,Mouse Ultra Delgado Multidispositivo Aero One MI455A,51356269281595,259,MXN,https://acteck.com/cart/51356269281595:1?attributes[click_id]=example_click_id
Coffee & Tea,SG,alchemist.com.sg,"AE, AU, BN, CN, HK, ID, IN, JP, KH, KR, LA, LK, MM, MO, MV, MY, PH, QA, SA, SG, TH, TW, US, VN",El Borbollon - Espresso / 200g,52638886363418,20,SGD,https://alchemist.global/cart/52638886363418:1?attributes[click_id]=example_click_id
Computers & Electronics,SG,anker.com.sg,"MY, SG",Anker Nano USB-C Hub 8-in-1 Dual Display 85W A210B - Silver,52786047254813,72.9,SGD,https://anker.com.sg/cart/52786047254813:1?attributes[click_id]=example_click_id
Computers & Electronics,US,arzopa.com,"AD, AE, AL, AM, AT, AU, AX, BA, BE, BG, BH, BL, BR, BY, CA, CH, CN, CY, CZ, DE, DK, EE, ES, FI, FR, GB, GE, GF, GI, GL, GP, GR, HR, HU, IE, IL, IS, IT, JE, JP, KR, KW, LI, LT, LU, LV, MC, MD, ME, MF, MK, MQ, MT, MX, NL, NO, OM, PH, PL, PM, PT, RE, RO, RS, SA, SE, SI, SK, SM, TF, TH, TR, UM, US, VA, XK, YT",Arzopa Z1C PLUS 17.3in 1080p Portable Monitor,48083756581027,139.99,USD,https://www.arzopa.com/cart/48083756581027:1?attributes[click_id]=example_click_id
Jewellery & Watches,US,atoleajewelry.com,"AD, AE, AF, AG, AI, AL, AM, AR, AT, AU, AW, AX, AZ, BA, BB, BE, BG, BH, BL, BM, BN, BO, BQ, BR, BS, BT, BY, BZ, CA, CC, CD, CF, CG, CH, CK, CL, CN, CO, CR, CV, CW, CX, CY, CZ, DE, DJ, DK, DM, DO, DZ, EC, EE, EG, EH, ER, ES, ET, FI, FJ, FK, FO, FR, GA, GB, GD, GE, GF, GG, GH, GI, GL, GM, GN, GP, GQ, GR, GS, GT, GW, GY, HK, HN, HR, HT, HU, ID, IE, IN, IO, IQ, IS, IT, JM, JO, JP, KE, KG, KH, KI, KM, KN, KR, KW, KY, KZ, LA, LB, LC, LI, LK, LR, LS, LT, LU, LV, LY, MA, MC, MD, ME, MF, MG, MK, ML, MM, MN, MO, MQ, MR, MS, MT, MU, MV, MW, MX, MY, MZ, NA, NC, NE, NF, NI, NL, NO, NP, NR, NU, NZ, OM, PA, PE, PF, PG, PH, PL, PM, PN, PS, PT, PY, QA, RE, RO, RS, RU, RW, SA, SB, SC, SD, SE, SG, SH, SI, SJ, SK, SL, SM, SN, SO, SR, SS, ST, SV, SX, SZ, TC, TD, TF, TG, TH, TJ, TK, TL, TM, TN, TO, TR, TT, TV, TW, TZ, UA, UG, UM, US, UY, UZ, VA, VC, VE, VG, VN, VU, WF, WS, XK, YE, YT, ZA, ZM, ZW",The Sunshine Bauble,58828498665804,78.95,USD,https://atoleajewelry.com/cart/58828498665804:1?attributes[click_id]=example_click_id
Books & Stationery,US,atomicbooks.com,US,Amazing Venom #4 [PRE-ORDER],50481500848384,4.99,USD,https://atomicbooks.com/cart/50481500848384:1?attributes[click_id]=example_click_id
Computers & Electronics,US,auragaminggear.com,"AT, AU, BE, CA, CH, CZ, DE, DK, EE, ES, FR, GB, GR, HR, HU, IE, IS, IT, JP, LT, LU, LV, MC, MD, MT, NL, NO, NZ, PL, PT, RO, RS, SE, SI, SK, US",SPEED MOUSEPAD - XL,54497381351715,64.99,USD,https://auragaminggear.com/cart/54497381351715:1?attributes[click_id]=example_click_id
Coffee & Tea,US,badasscoffee.com,"*, CA, US",Pumpkin Pecan Paradise Flavored 12oz Coffee,52176877257073,18.99,USD,https://badasscoffee.com/cart/52176877257073:1?attributes[click_id]=example_click_id
Computers & Electronics,MX,balamrush.com,MX,Mouse Gamer Alambrico Raptor Plus MG2,52621052051743,289,MXN,https://balamrush.com/cart/52621052051743:1?attributes[click_id]=example_click_id
Books & Stationery,US,baronfig.com,"AD, AG, AI, AL, AN, AR, AT, AU, AW, AX, BA, BB, BE, BG, BL, BM, BN, BO, BQ, BR, BS, BY, BZ, CA, CH, CL, CO, CR, CY, CZ, DE, DK, DO, EC, EE, ES, FI, FJ, FK, FO, FR, GB, GE, GF, GG, GI, GL, GR, GS, GT, GY, HK, HM, HR, HU, ID, IE, IM, IN, IS, IT, JE, JM, JP, KN, KR, KY, LC, LI, LK, LT, LU, LV, MA, MC, MD, ME, MF, MK, MM, MO, MT, MV, MX, MY, NL, NO, NP, NZ, PA, PE, PG, PH, PL, PM, PT, PY, RE, RO, RS, SE, SG, SI, SJ, SK, SM, SR, TC, TF, TH, TR, TT, TW, UA, US, UY, VA, VC, VE, VG, VN, XK, YT, ZA",Thinker Tote Bundle,45798527860819,95,USD,https://baronfig.com/cart/45798527860819:1?attributes[click_id]=example_click_id
Computers & Electronics,US,baseus.com,US,Baseus PicoGo AR11 Power Bank 10000mAh 45W - Black,50526114644045,69.99,USD,https://www.baseus.com/cart/50526114644045:1?attributes[click_id]=example_click_id
Fashion & Apparel,UK,bashfashion.co.uk,"AE, AT, AU, BE, BG, BR, CA, CH, CY, CZ, DE, DK, EE, ES, FI, FR, GB, GR, HK, HR, HU, IE, IL, IN, IT, JP, KR, LT, LU, LV, MT, MY, NL, NO, NZ, PL, PT, RO, SA, SE, SG, SI, SK, TR, US, ZA",Seat Belt Clip 20cm Extension Buckle,56753479188854,10.4,GBP,https://bashfashion.co.uk/cart/56753479188854:1?attributes[click_id]=example_click_id
Fashion & Apparel,MY,batik.com.my,"AC, AD, AE, AF, AG, AI, AL, AM, AO, AR, AT, AU, AW, AX, AZ, BA, BB, BD, BE, BF, BG, BH, BI, BJ, BL, BM, BN, BO, BQ, BR, BS, BT, BW, BY, BZ, CA, CC, CD, CF, CG, CH, CI, CK, CL, CM, CN, CO, CR, CV, CW, CX, CY, CZ, DE, DJ, DK, DM, DO, DZ, EC, EE, EG, EH, ER, ES, ET, FI, FJ, FK, FO, FR, GA, GB, GD, GE, GF, GG, GH, GI, GL, GM, GN, GP, GQ, GR, GS, GT, GW, GY, HK, HN, HR, HT, HU, ID, IE, IL, IM, IN, IO, IQ, IS, IT, JE, JM, JO, JP, KE, KG, KH, KI, KM, KN, KR, KW, KY, KZ, LA, LB, LC, LI, LK, LR, LS, LT, LU, LV, LY, MA, MC, MD, ME, MF, MG, MK, ML, MM, MN, MO, MQ, MR, MS, MT, MU, MV, MW, MX, MY, MZ, NA, NC, NE, NF, NG, NI, NL, NO, NP, NR, NU, NZ, OM, PA, PE, PF, PG, PH, PK, PL, PM, PN, PS, PT, PY, QA, RE, RO, RS, RU, RW, SA, SB, SC, SD, SE, SG, SH, SI, SJ, SK, SL, SM, SN, SO, SR, SS, ST, SV, SX, SZ, TA, TC, TD, TF, TG, TH, TJ, TK, TL, TM, TN, TO, TR, TT, TV, TW, TZ, UA, UG, UM, US, UY, UZ, VA, VC, VE, VG, VN, VU, WF, WS, XK, YE, YT, ZA, ZM, ZW",Batik Asymmetric Shirt - Verdant Grove - One size,48448371327197,199,MYR,https://batik.com.my/cart/48448371327197:1?attributes[click_id]=example_click_id
Beauty & Personal Care,US,beautybakerie.com,"*, AC, AD, AE, AF, AG, AI, AL, AM, AO, AR, AT, AU, AW, AX, AZ, BA, BB, BD, BE, BF, BG, BH, BI, BJ, BL, BM, BN, BO, BQ, BR, BS, BT, BW, BY, BZ, CA, CC, CD, CF, CG, CH, CI, CK, CL, CM, CN, CO, CR, CV, CW, CX, CY, CZ, DE, DJ, DK, DM, DO, DZ, EC, EE, EG, EH, ER, ES, ET, FI, FJ, FK, FO, FR, GA, GB, GD, GE, GF, GG, GH, GI, GL, GM, GN, GP, GQ, GR, GS, GT, GW, GY, HK, HN, HR, HT, HU, ID, IE, IL, IM, IN, IO, IQ, IS, IT, JE, JM, JO, JP, KE, KG, KH, KI, KM, KN, KR, KW, KY, KZ, LA, LB, LC, LI, LK, LR, LS, LT, LU, LV, LY, MA, MC, MD, ME, MF, MG, MK, ML, MM, MN, MO, MQ, MR, MS, MT, MU, MV, MW, MX, MY, MZ, NA, NC, NE, NF, NG, NI, NL, NO, NP, NR, NU, NZ, OM, PA, PE, PF, PG, PH, PK, PL, PM, PN, PS, PT, PY, QA, RE, RO, RS, RU, RW, SA, SB, SC, SD, SE, SG, SH, SI, SJ, SK, SL, SM, SN, SO, SR, SS, ST, SV, SX, SZ, TA, TC, TD, TF, TG, TH, TJ, TK, TL, TM, TN, TO, TR, TT, TV, TW, TZ, UA, UG, UM, US, UY, UZ, VA, VC, VE, VG, VN, VU, WF, WS, XK, YE, YT, ZA, ZM, ZW",Lip Whip Remover,19863507905,11.2,USD,https://www.beautybakerie.com/cart/19863507905:1?attributes[click_id]=example_click_id
Beauty & Personal Care,US,beautyofjoseon.com,"AE, AT, AU, BE, BG, CA, CH, CY, CZ, DE, DK, ES, FI, FR, GB, HK, HR, HU, IE, IL, IN, IS, IT, JP, LU, MT, NL, NO, NZ, PH, PL, PT, RO, SA, SE, SG, SI, US",Slow Aging Trio,44051757727909,38.35,USD,https://beautyofjoseon.com/cart/44051757727909:1?attributes[click_id]=example_click_id
Coffee & Tea,SG,bettrcoffee.com,"AU, SG, US",Brazil Mogiana 14/16 - 500g,42713423675505,20,SGD,https://bettr.coffee/cart/42713423675505:1?attributes[click_id]=example_click_id
Bakery & Desserts,SG,birdsofparadise.sg,SG,Paradise Set,45500127805484,76,SGD,https://birdsofparadise.sg/cart/45500127805484:1?attributes[click_id]=example_click_id
Coffee & Tea,MX,blendstation.com.mx,MX,Cafe Guerrero Atoyac Bourbon Tipica Natural Fermentado - 250 gr / Grano,47607777984690,300,MXN,https://blendstation.com.mx/cart/47607777984690:1?attributes[click_id]=example_click_id
Beauty & Personal Care,US,bluemercury.com,US,Pumpkin Chai Liquid Soap,41629698031691,28,USD,https://bluemercury.com/cart/41629698031691:1?attributes[click_id]=example_click_id
Coffee & Tea,US,bonescoffee.com,"*, UM, US",Jacked O' Lantern 12oz - Ground,25271186497,17.99,USD,https://www.bonescoffee.com/cart/25271186497:1?attributes[click_id]=example_click_id
Office & Business Supplies,SG,boxgreen.co,"MY, SG",The Trio Big Bag of Snacks,46221035503660,50,SGD,https://www.boxgreen.co/cart/46221035503660:1?attributes[click_id]=example_click_id
Drinks & Alcohol,SG,brewlander.com,SG,SG LAHger - 6 Pack,51386875740481,33,SGD,https://www.brewlander.com/cart/51386875740481:1?attributes[click_id]=example_click_id
Home & Living,US,brooklinen.com,"*, AU, BE, CA, CH, CZ, DE, DK, FR, GB, HK, IE, IL, JP, KR, LI, LU, MO, MX, NL, NZ, SE, SG, UM, US",Super-Plush Turkish Cotton Hand Towels Set of 2 - Aloe,42950127452250,33,USD,https://www.brooklinen.com/cart/42950127452250:1?attributes[click_id]=example_click_id
Books & Stationery,SG,byndartisan.com,"*, AD, AE, AF, AG, AI, AL, AM, AR, AT, AU, AW, AX, AZ, BA, BB, BD, BE, BG, BH, BL, BM, BN, BO, BQ, BR, BS, BT, BZ, CA, CC, CH, CK, CL, CN, CO, CR, CW, CX, CY, CZ, DE, DK, DM, DO, EC, EE, ES, FI, FJ, FK, FO, FR, GB, GD, GE, GF, GG, GI, GL, GP, GR, GS, GT, GY, HK, HN, HR, HT, HU, ID, IE, IL, IM, IN, IO, IQ, IS, IT, JE, JM, JO, JP, KG, KH, KI, KN, KR, KW, KY, KZ, LA, LB, LC, LI, LK, LT, LU, LV, MC, MD, ME, MF, MK, MM, MN, MO, MQ, MS, MT, MV, MX, MY, NC, NF, NI, NL, NO, NP, NR, NU, NZ, OM, PA, PE, PF, PG, PH, PK, PL, PM, PN, PS, PT, PY, QA, RE, RO, RS, SA, SB, SE, SG, SI, SJ, SK, SM, SR, SV, SX, TC, TF, TH, TJ, TK, TL, TM, TO, TR, TT, TV, TW, UA, UM, US, UY, UZ, VA, VC, VE, VG, VN, VU, WF, WS, XK, YE, YT",Wabisabi Luggage Tag - Brown/Oat,44510152458282,85,SGD,https://www.byndartisan.com/cart/44510152458282:1?attributes[click_id]=example_click_id
Grocery & Pantry,SG,camelnuts.com,SG,Muruku Fine 1kg,49695366381853,8,SGD,https://camelnuts.com/cart/49695366381853:1?attributes[click_id]=example_click_id
Coffee & Tea,CA,coffeeaddicts.ca,"*, CA, US",Breville Steam Wand Cleaner,45193624453372,19.99,CAD,https://coffeeaddicts.ca/cart/45193624453372:1?attributes[click_id]=example_click_id
Coffee & Tea,US,coffeeam.com,US,Freedom Blend Coffee - 0.5LB / Whole Bean,46349221626053,11.95,USD,https://www.coffeeam.com/cart/46349221626053:1?attributes[click_id]=example_click_id
Fashion & Apparel,US,coinbaseshop.com,"AC, AD, AE, AF, AG, AI, AL, AM, AO, AR, AT, AU, AW, AX, AZ, BA, BB, BD, BE, BF, BG, BH, BI, BJ, BL, BM, BN, BO, BQ, BR, BS, BT, BW, BY, BZ, CA, CC, CD, CF, CG, CH, CI, CK, CL, CM, CN, CO, CR, CV, CW, CX, CY, CZ, DE, DJ, DK, DM, DO, DZ, EC, EE, EG, EH, ER, ES, ET, FI, FJ, FK, FO, FR, GA, GB, GD, GE, GF, GG, GH, GI, GL, GM, GN, GP, GQ, GR, GS, GT, GW, GY, HK, HN, HR, HT, HU, ID, IE, IL, IM, IN, IO, IQ, IS, IT, JE, JM, JO, JP, KE, KG, KH, KI, KM, KN, KR, KW, KY, KZ, LA, LB, LC, LI, LK, LR, LS, LT, LU, LV, LY, MA, MC, MD, ME, MF, MG, MK, ML, MM, MN, MO, MQ, MR, MS, MT, MU, MV, MW, MX, MY, MZ, NA, NC, NE, NF, NG, NI, NL, NO, NP, NR, NU, NZ, OM, PA, PE, PF, PG, PH, PK, PL, PM, PN, PS, PT, PY, QA, RE, RO, RS, RU, RW, SA, SB, SC, SD, SE, SG, SH, SI, SJ, SK, SL, SM, SN, SO, SR, SS, ST, SV, SX, SZ, TA, TC, TD, TF, TG, TH, TJ, TK, TL, TM, TN, TO, TR, TT, TV, TW, TZ, UA, UG, UM, US, UY, UZ, VA, VC, VE, VG, VN, VU, WF, WS, XK, YE, YT, ZA, ZM, ZW",Coinbase Heavy Metal Hat,50600348877106,30,USD,https://coinbaseshop.com/cart/50600348877106:1?attributes[click_id]=example_click_id
Coffee & Tea,SG,commonmancoffeeroasters.com,SG,"Yolan Tirta Sulawesi, Indonesia - 250g / Filter Roast / Whole Beans",45609133211757,23,SGD,https://commonmancoffeeroasters.com/cart/45609133211757:1?attributes[click_id]=example_click_id
Computers & Electronics,US,computerexchange.com,"AE, AT, AU, BE, CA, CH, CZ, DE, DK, ES, FI, FR, GB, HK, IE, IL, IT, JP, KR, MY, NL, NO, NZ, PL, PT, SE, SG, US",Optiplex SFF 7010,48605095461019,699.99,USD,https://computerexchange.com/cart/48605095461019:1?attributes[click_id]=example_click_id
Maker & DIY Electronics,AU,cubictech.com.au,"AT, AU, BE, BG, CA, CH, CN, CY, CZ, DE, DK, ES, FI, FR, GB, GR, HK, HR, HU, ID, IE, IT, JP, KR, LI, LU, NL, NO, NZ, PT, RO, SE, SG, SI, SK, TH, TW, US",Micro Swiss FlowTech Hyper-CHT Nozzle - 0.4 mm,53918466703643,59.95,AUD,https://cubictech.com.au/cart/53918466703643:1?attributes[click_id]=example_click_id
Coffee & Tea,US,deathwishcoffee.com,"AD, AE, AF, AG, AI, AL, AM, AO, AR, AT, AU, AW, AX, AZ, BA, BB, BD, BE, BF, BG, BH, BI, BJ, BL, BM, BN, BO, BS, BT, BW, BY, BZ, CA, CC, CD, CF, CG, CH, CI, CK, CL, CM, CN, CO, CR, CV, CW, CX, CY, CZ, DE, DJ, DK, DM, DO, EC, EE, EG, EH, ER, ES, ET, FI, FJ, FK, FO, FR, GA, GB, GD, GE, GF, GG, GH, GI, GL, GM, GN, GP, GQ, GR, GT, GW, GY, HK, HN, HR, HT, HU, ID, IE, IL, IM, IN, IO, IS, IT, JE, JM, JO, JP, KE, KG, KH, KI, KM, KN, KR, KW, KY, KZ, LA, LB, LC, LI, LK, LR, LS, LT, LU, LV, LY, MC, MD, ME, MF, MG, MK, ML, MM, MN, MO, MQ, MR, MS, MT, MU, MV, MW, MX, MY, MZ, NA, NC, NE, NF, NG, NI, NL, NO, NP, NR, NU, NZ, OM, PA, PE, PF, PG, PH, PK, PL, PM, PN, PS, PT, PY, QA, RE, RO, RS, RW, SA, SB, SC, SD, SE, SG, SH, SI, SJ, SK, SL, SM, SN, SO, SR, ST, SV, SX, SZ, TC, TD, TG, TH, TJ, TK, TL, TM, TO, TR, TT, TV, TW, TZ, UA, UG, UM, US, UY, UZ, VA, VC, VG, VN, VU, WF, WS, XK, YE, YT, ZA, ZM, ZW",White Chocolate Pistachio Coffee - 1 bag,42380283346999,13.99,USD,https://www.deathwishcoffee.com/cart/42380283346999:1?attributes[click_id]=example_click_id
Maker & DIY Electronics,CA,digitmakers.ca,"AD, AG, AI, AL, AM, AR, AT, AU, AW, AX, BA, BB, BE, BG, BH, BO, BQ, BR, BS, BY, BZ, CA, CH, CK, CL, CO, CR, CY, CZ, DE, DK, EC, EE, ES, FI, FK, FO, FR, GB, GE, GF, GG, GI, GL, GP, GQ, GR, GS, GY, HK, HR, HU, ID, IE, IL, IM, IN, IQ, IS, IT, JE, JO, KW, LB, LI, LT, LU, LV, MC, MD, ME, MK, MT, MX, MY, NL, NO, NZ, OM, PE, PH, PL, PS, PT, PY, QA, RE, RO, RS, RU, SA, SD, SE, SG, SI, SJ, SK, SM, SN, SR, SS, TF, TH, TN, TR, TZ, UA, US, UY, VA, VE, VG, WF, XK, YT, ZA",Prusa Accelerometer Cables,67588566679782,21.99,CAD,https://www.digitmakers.ca/cart/67588566679782:1?attributes[click_id]=example_click_id
Computers & Electronics,US,divinikey.com,"*, AC, AD, AE, AF, AG, AI, AL, AM, AO, AR, AT, AU, AW, AX, AZ, BA, BB, BD, BE, BF, BG, BH, BI, BJ, BL, BM, BN, BO, BQ, BR, BS, BT, BW, BY, BZ, CA, CC, CD, CF, CG, CH, CI, CK, CL, CM, CN, CO, CR, CV, CW, CX, CY, CZ, DE, DJ, DK, DM, DO, DZ, EC, EE, EG, EH, ER, ES, ET, FI, FJ, FK, FO, FR, GA, GB, GD, GE, GF, GG, GH, GI, GL, GM, GN, GP, GQ, GR, GS, GT, GW, GY, HK, HN, HR, HT, HU, ID, IE, IL, IM, IN, IO, IQ, IS, IT, JE, JM, JO, JP, KE, KG, KH, KI, KM, KN, KR, KW, KY, KZ, LA, LB, LC, LI, LK, LR, LS, LT, LU, LV, LY, MA, MC, MD, ME, MF, MG, MK, ML, MM, MN, MO, MQ, MR, MS, MT, MU, MV, MW, MX, MY, MZ, NA, NC, NE, NF, NG, NI, NL, NO, NP, NR, NU, NZ, OM, PA, PE, PF, PG, PH, PK, PL, PM, PN, PS, PT, PY, QA, RE, RO, RS, RU, RW, SA, SB, SC, SD, SE, SG, SH, SI, SJ, SK, SL, SM, SN, SO, SR, SS, ST, SV, SX, SZ, TA, TC, TD, TF, TG, TH, TJ, TK, TL, TM, TN, TO, TT, TV, TW, TZ, UA, UG, UM, US, UY, UZ, VA, VC, VE, VG, VN, VU, WF, WS, XK, YE, YT, ZA, ZM, ZW",HMX Snowflake Linear Switches - 18 Set,50536537391169,6.3,USD,https://divinikey.com/cart/50536537391169:1?attributes[click_id]=example_click_id
Computers & Electronics,HK,dockcase.com,"AD, AE, AL, AT, AU, BA, BE, BG, BR, CA, CH, CL, CN, CY, CZ, DE, DK, EE, ES, FI, FR, GB, GL, GR, HK, HR, HU, ID, IE, IN, IS, IT, JP, KR, KW, LI, LT, LU, LV, MC, MD, MO, MT, MX, MY, NL, NO, NZ, PH, PL, PT, QA, RO, RS, SA, SE, SG, SI, SK, SM, TH, TR, TW, US, VA, VN",Dockcase Smart USB-C Hub 7-in-1 with M.2 SSD Enclosure - Black,51181256933688,109.99,USD,https://www.dockcase.com/cart/51181256933688:1?attributes[click_id]=example_click_id
Coffee & Tea,SG,dutchcolony.sg,"AC, AD, AE, AF, AG, AI, AL, AM, AO, AR, AT, AU, AW, AX, AZ, BA, BB, BD, BE, BF, BG, BH, BI, BJ, BL, BM, BN, BO, BQ, BR, BS, BT, BW, BY, BZ, CA, CC, CD, CF, CG, CH, CI, CK, CL, CM, CN, CO, CR, CV, CW, CX, CY, CZ, DE, DJ, DK, DM, DO, DZ, EC, EE, EG, EH, ER, ES, ET, FI, FJ, FK, FO, FR, GA, GB, GD, GE, GF, GG, GH, GI, GL, GM, GN, GP, GQ, GR, GS, GT, GW, GY, HK, HN, HR, HT, HU, ID, IE, IL, IM, IN, IO, IQ, IS, IT, JE, JM, JO, JP, KE, KG, KH, KI, KM, KN, KR, KW, KY, KZ, LA, LB, LC, LI, LK, LR, LS, LT, LU, LV, LY, MA, MC, MD, ME, MF, MG, MK, ML, MM, MN, MO, MQ, MR, MS, MT, MU, MV, MW, MX, MY, MZ, NA, NC, NE, NF, NG, NI, NL, NO, NP, NR, NU, NZ, OM, PA, PE, PF, PG, PH, PK, PL, PM, PN, PS, PT, PY, QA, RE, RO, RS, RU, RW, SA, SB, SC, SD, SE, SG, SH, SI, SJ, SK, SL, SM, SN, SO, SR, SS, ST, SV, SX, SZ, TA, TC, TD, TF, TG, TH, TJ, TK, TL, TM, TN, TO, TR, TT, TV, TW, TZ, UA, UG, UM, US, UY, UZ, VA, VC, VE, VG, VN, VU, WF, WS, XK, YE, YT, ZA, ZM, ZW",Gatuyaini - 200g / Whole Bean,48922956595353,24,SGD,https://www.dutchcolony.sg/cart/48922956595353:1?attributes[click_id]=example_click_id
Audio & Music,US,eddieselectronicsandgadgets.com,"AE, AT, AU, BE, CA, CH, CZ, DE, DK, ES, FI, FR, GB, HK, IE, IL, IT, JP, KR, MY, NL, NO, NZ, PL, PT, SE, SG, US",G1 NEO Gaming Audio Mixer with XLR Mic - Black,42605744750676,133.3,USD,https://eddieselectronicsandgadgets.com/cart/42605744750676:1?attributes[click_id]=example_click_id
Computers & Electronics,CN,epomaker.com,"*, AC, AD, AE, AF, AG, AI, AL, AM, AO, AR, AT, AU, AW, AX, AZ, BA, BB, BD, BE, BF, BG, BH, BI, BJ, BL, BM, BN, BO, BQ, BR, BS, BT, BW, BY, BZ, CA, CC, CD, CF, CG, CH, CI, CK, CL, CM, CN, CO, CR, CV, CW, CX, CY, CZ, DE, DJ, DK, DM, DO, DZ, EC, EE, EG, EH, ER, ES, ET, FI, FJ, FK, FO, FR, GA, GB, GD, GE, GF, GG, GH, GI, GL, GM, GN, GP, GQ, GR, GS, GT, GW, GY, HK, HN, HR, HT, HU, ID, IE, IL, IM, IN, IO, IQ, IS, IT, JE, JM, JO, JP, KE, KG, KH, KI, KM, KN, KR, KW, KY, KZ, LA, LB, LC, LI, LK, LR, LS, LT, LU, LV, LY, MA, MC, MD, ME, MF, MG, MK, ML, MM, MN, MO, MQ, MR, MS, MT, MU, MV, MW, MX, MY, MZ, NA, NC, NE, NF, NG, NI, NL, NO, NP, NR, NU, NZ, OM, PA, PE, PF, PG, PH, PK, PL, PM, PN, PS, PT, PY, QA, RE, RO, RS, RU, RW, SA, SB, SC, SD, SE, SG, SH, SI, SJ, SK, SL, SM, SN, SO, SR, SS, ST, SV, SX, SZ, TA, TC, TD, TF, TG, TH, TJ, TK, TL, TM, TN, TO, TR, TT, TV, TW, TZ, UA, UG, UM, US, UY, UZ, VA, VC, VE, VG, VN, VU, WF, WS, XK, YE, YT, ZA, ZM, ZW",EPOMAKER Stomp Tactile Switch Set - 100pcs,49273116262708,24.99,USD,https://epomaker.com/cart/49273116262708:1?attributes[click_id]=example_click_id
Office & Business Supplies,SG,ergotune.com,SG,F-Clamp Pegboard Panel - Black,51986214289774,59,SGD,https://ergotune.com/cart/51986214289774:1?attributes[click_id]=example_click_id
Fashion & Apparel,US,everlane.com,"AD, AE, AG, AI, AL, AM, AO, AR, AT, AU, AW, AZ, BA, BB, BD, BE, BF, BG, BH, BI, BJ, BL, BM, BN, BO, BR, BS, BT, BW, BZ, CA, CG, CH, CI, CK, CL, CM, CN, CO, CR, CV, CW, CY, CZ, DE, DJ, DK, DM, DO, DZ, EC, EE, EG, ES, ET, FI, FJ, FK, FO, FR, GA, GB, GD, GE, GF, GG, GH, GI, GL, GM, GN, GP, GQ, GR, GT, GW, GY, HK, HN, HR, HT, HU, ID, IE, IL, IM, IN, IS, IT, JE, JM, JO, JP, KE, KG, KH, KI, KM, KN, KR, KW, KY, KZ, LA, LB, LC, LI, LK, LR, LS, LT, LU, LV, MA, MC, MD, ME, MF, MG, MK, MN, MO, MQ, MR, MS, MT, MU, MV, MW, MX, MY, MZ, NA, NC, NG, NI, NL, NO, NP, NR, NU, NZ, OM, PA, PE, PF, PG, PH, PK, PL, PT, PY, QA, RE, RO, RS, RW, SA, SB, SC, SE, SG, SH, SI, SK, SL, SM, SN, SR, ST, SV, SX, SZ, TC, TD, TG, TH, TL, TM, TN, TO, TT, TV, TW, TZ, UG, US, UY, UZ, VA, VC, VE, VG, VN, VU, WF, WS, YT, ZA, ZM, ZW",W AAP Featherweight Alpaca LS Wrap Top - M,45720483266646,148,USD,https://www.everlane.com/cart/45720483266646:1?attributes[click_id]=example_click_id
Jewellery & Watches,US,evryjewels.com,"AT, AU, BE, BG, BY, CA, CH, CY, CZ, DE, DK, EE, ES, FI, FO, FR, GB, GR, HR, HU, IE, IM, IS, IT, LT, LU, LV, MC, MD, MT, MX, NL, NO, NZ, PL, PT, RO, SE, SG, SI, SK, US",Let it Shine Necklace - 14K Gold Plating,42936174313549,13.99,USD,https://evryjewels.com/cart/42936174313549:1?attributes[click_id]=example_click_id
Grocery & Pantry,US,exoticsnacks.com,"*, CA, US","Lay's Mini Potato Bites Honey Butter Flavor, 40g",49276049621211,4.99,USD,https://exoticsnacks.com/cart/49276049621211:1?attributes[click_id]=example_click_id
Toys & Games,US,explodingkittens.com,"AD, AX, BE, BL, CA, CY, DE, ES, FR, GB, GF, GP, IE, IT, MC, ME, MF, MQ, NL, PM, PT, RE, SM, TF, US, VA, YT",Berry Cherry Parrot Punch,45020937715851,9.99,USD,https://www.explodingkittens.com/cart/45020937715851:1?attributes[click_id]=example_click_id
Fashion & Apparel,US,fashionnova.com,Unknown,Modern Essential Zip Up Jacket - Navy - M,39313711169660,30.99,USD,https://www.fashionnova.com/cart/39313711169660:1?attributes[click_id]=example_click_id
Maker & DIY Electronics,US,flipper.net,"AT, BE, BG, CA, CY, CZ, DE, DK, EE, ES, FI, FR, GB, GR, HR, HU, IE, IT, LT, LU, LV, MT, NL, PL, PT, RO, SE, SI, SK, US",Flipper Zero,42813335011481,169,USD,https://flipper.net/cart/42813335011481:1?attributes[click_id]=example_click_id
Gifts & Flowers,AU,floraly.com.au,"AD, AT, AU, AX, BE, DE, EE, ES, FI, FR, GB, GR, IE, IT, LT, LU, LV, MC, ME, MT, NL, PT, SI, SK, SM, US, VA, XK",Mixed Poppies - Simple / Sydney Metro,44226246213911,75,AUD,https://www.floraly.com.au/cart/44226246213911:1?attributes[click_id]=example_click_id
Coffee & Tea,SG,forewordcoffee.com,"AE, AT, AU, BE, CA, CH, CZ, DE, DK, ES, FI, FR, GB, HK, IE, IL, IT, JP, KR, MY, NL, NO, NZ, PL, PT, SE, SG, US",Mini Ondeh Ondeh Tray Cake,47269598429340,43.5,SGD,https://forewordcoffee.com/cart/47269598429340:1?attributes[click_id]=example_click_id
Sports & Outdoors,US,forzasports.com,"AE, AT, AU, BE, BR, CA, CH, CZ, DE, DK, ES, FI, FR, GB, GR, HK, HU, IE, IN, IS, IT, JP, KR, MA, MQ, MT, MX, MY, NL, NO, NZ, PL, PT, PY, RO, SE, SG, SK, TH, US, VN",SISU Aero Guard 2.0mm Adult Mouthguard - Charcoal Black,45932078760071,19.99,USD,https://forzasports.com/cart/45932078760071:1?attributes[click_id]=example_click_id
Kitchen & Dining,US,fromourplace.com,"*, AE, AU, CA, US",Walnut Knife Block,43940711923906,99,USD,https://fromourplace.com/cart/43940711923906:1?attributes[click_id]=example_click_id
Toys & Games,AU,gameology.com.au,"AD, AE, AG, AI, AL, AM, AO, AT, AU, AW, AZ, BA, BB, BD, BE, BF, BG, BI, BJ, BM, BN, BO, BS, BT, BW, BZ, CA, CC, CH, CI, CK, CL, CM, CN, CO, CR, CV, CW, CX, CY, CZ, DE, DJ, DM, DO, DZ, EC, EE, EG, ER, ES, ET, FI, FJ, FO, FR, GA, GB, GD, GE, GF, GH, GI, GL, GM, GN, GP, GQ, GR, GT, GY, HK, HN, HR, HU, ID, IL, IN, IO, IS, IT, JM, JP, KG, KH, KI, KM, KN, KR, KW, KY, LA, LC, LI, LK, LR, LS, LT, LU, LV, MA, MC, MD, ME, MG, MK, ML, MM, MN, MO, MQ, MR, MS, MT, MU, MW, MX, MY, MZ, NA, NE, NF, NG, NI, NL, NO, NZ, PA, PE, PH, PK, PL, PT, PY, RE, RS, RW, SC, SE, SG, SK, SN, SR, ST, SV, SX, SZ, TC, TD, TG, TH, TO, TR, TT, TW, TZ, UA, UG, US, UY, UZ, VE, VG, VN, VU, WS, ZA, ZM",HGUC 1/144 Sazabi,50530094022771,42.95,AUD,https://www.gameology.com.au/cart/50530094022771:1?attributes[click_id]=example_click_id
Computers & Electronics,US,gearit.com,"CA, US",1000ft Bulk Cat6 Outdoor Ethernet Cable - DIY Kit,44314635862125,156.98,USD,https://www.gearit.com/cart/44314635862125:1?attributes[click_id]=example_click_id
Computers & Electronics,US,gloriousgaming.com,"AT, AU, BA, BE, BG, CA, CH, CZ, DE, DK, EE, ES, FI, FR, GB, GG, GR, HR, HU, IE, IL, IM, IS, IT, JE, JP, KR, LI, LT, LU, LV, MC, MD, ME, MK, MT, NL, NO, NZ, PL, PT, RO, RS, SE, SG, SI, SK, TW, US",GMMK PRO Switch Plate Replacement - ANSI / Silver,46703469691055,29.99,USD,https://gloriousgaming.com/cart/46703469691055:1?attributes[click_id]=example_click_id
Computers & Electronics,HK,gmktec.com,"AE, AM, AR, AU, BD, BH, BN, BR, CA, CI, CL, CN, CO, CR, DZ, EC, FJ, GS, HK, ID, IN, KE, KH, KW, KZ, LK, LR, MA, MN, MO, MX, MY, NA, NG, NP, NZ, OM, PE, PH, PY, SA, SG, SV, TH, TO, TW, US, VE, ZA, ZM",GMKtec EVO-X5 Pro Ryzen AI Max+ PRO 495 - 192GB + 2TB / US,49224082620570,6599,USD,https://www.gmktec.com/cart/49224082620570:1?attributes[click_id]=example_click_id
Health & Wellness,US,goli.com,"AD, AE, AG, AI, AL, AO, AR, AT, AU, AW, BB, BD, BE, BF, BG, BH, BI, BJ, BL, BM, BN, BO, BR, BS, BT, BW, BZ, CA, CH, CK, CL, CM, CO, CR, CV, CW, CY, CZ, DE, DJ, DK, DM, DO, DZ, EC, EE, EG, ER, ES, ET, FI, FJ, FO, FR, GA, GB, GD, GE, GF, GG, GH, GI, GL, GM, GN, GP, GQ, GR, GS, GT, GW, GY, HN, HR, HU, ID, IE, IL, IM, IN, IS, IT, JE, JM, JO, JP, KE, KG, KH, KI, KM, KN, KR, KW, KY, KZ, LA, LC, LI, LK, LR, LS, LT, LU, LV, MA, MC, MD, MF, MG, MK, MN, MQ, MR, MS, MT, MU, MV, MW, MY, MZ, NA, NC, NE, NF, NG, NL, NO, NP, NR, NZ, OM, PA, PE, PF, PG, PH, PK, PL, PM, PN, PS, PT, PY, QA, RE, RO, RW, SA, SB, SC, SE, SG, SH, SI, SJ, SK, SL, SM, SN, SR, ST, SV, SX, SZ, TC, TD, TG, TH, TJ, TK, TL, TM, TN, TO, TT, TV, TW, TZ, UG, UM, US, UY, UZ, VA, VC, VG, VN, VU, WF, WS, YT, ZA, ZM",Zero Sugar ACV+ Gummies - 1 Bottle,44170979016900,17.98,USD,https://goli.com/cart/44170979016900:1?attributes[click_id]=example_click_id
Kitchen & Dining,US,greatjonesgoods.com,US,Big Deal & Saucy,44838392430671,190,USD,https://greatjonesgoods.com/cart/44838392430671:1?attributes[click_id]=example_click_id
Coffee & Tea,SG,gryphontea.com,"AT, AU, BE, CA, CH, CN, CZ, DE, DK, ES, FI, FR, GB, HK, ID, IE, IL, IN, IT, JP, KR, MY, NL, NO, NZ, PH, PL, PT, SE, SG, TW, US",Premium Asatsuyu Matcha,45379806134306,35,SGD,https://gryphontea.com/cart/45379806134306:1?attributes[click_id]=example_click_id
Fashion & Apparel,US,gymshark.com,US,Gymshark Power T-Shirt - Chalk Marl - Medium,39799423992010,36,USD,https://us.checkout.gymshark.com/cart/39799423992010:1?attributes[click_id]=example_click_id
Coffee & Tea,US,harney.com,"*, AD, AE, AL, AM, AR, AT, AU, AX, BA, BB, BE, BG, BH, BN, BS, BV, BY, CA, CH, CL, CO, CR, CY, CZ, DE, DK, EE, ES, FI, FO, FR, GB, GE, GG, GI, GL, GP, GR, HR, HU, IE, IL, IM, IN, IS, IT, JE, JO, KH, KW, KY, KZ, LI, LT, LU, LV, MC, MD, ME, MK, MT, MX, MY, NA, NC, NL, NO, OM, PE, PH, PL, PT, QA, RE, RO, RS, SA, SE, SG, SI, SK, SM, TH, TR, UA, US, VA, XK, ZA",Santa Cruz Peanut Butter - 16 oz Jar / Crunchy Dark Roast,43011753934919,10,USD,https://www.harney.com/cart/43011753934919:1?attributes[click_id]=example_click_id
Sports & Outdoors,AU,hartsport.com.au,AU,HART School Rubber Volleyball Pack - Junior,43466491494489,84.5,AUD,https://hartsport.com.au/cart/43466491494489:1?attributes[click_id]=example_click_id
Audio & Music,US,headphones.com,"*, AU, BE, CA, CH, CZ, DE, DK, EE, ES, FI, FR, GB, GR, HR, HU, IE, IS, IT, MC, ME, NL, NO, NZ, PL, PT, SE, US",Lewitt LW6 Wireless Headphones,43242439508039,699,USD,https://headphones.com/cart/43242439508039:1?attributes[click_id]=example_click_id
Audio & Music,IN,headphonezone.in,IN,Truthear - PURE (Unboxed),52745233957232,8999,INR,https://www.headphonezone.in/cart/52745233957232:1?attributes[click_id]=example_click_id
Audio & Music,HK,hifigo.com,"AD, AE, AF, AG, AI, AL, AM, AO, AR, AT, AU, AW, AX, AZ, BA, BB, BD, BE, BF, BG, BH, BI, BJ, BL, BM, BN, BO, BQ, BR, BS, BT, BV, BW, BY, BZ, CA, CC, CD, CF, CG, CH, CI, CK, CL, CM, CN, CO, CR, CV, CW, CX, CY, CZ, DE, DJ, DK, DM, DO, DZ, EC, EE, EG, EH, ER, ES, ET, FI, FJ, FK, FO, FR, GA, GB, GD, GE, GF, GG, GH, GI, GL, GM, GN, GP, GQ, GR, GS, GT, GW, GY, HK, HM, HN, HR, HT, HU, ID, IE, IL, IN, IO, IQ, IS, IT, JE, JM, JO, JP, KE, KG, KH, KI, KM, KN, KR, KW, KY, KZ, LA, LB, LC, LI, LK, LR, LS, LT, LU, LV, LY, MA, MC, MD, ME, MF, MG, MK, ML, MM, MN, MO, MQ, MR, MS, MT, MU, MV, MW, MX, MY, MZ, NA, NC, NE, NF, NG, NI, NL, NO, NP, NR, NU, NZ, OM, PA, PE, PF, PG, PH, PK, PL, PM, PN, PS, PT, PY, QA, RE, RO, RS, RU, RW, SA, SB, SC, SD, SE, SG, SH, SI, SJ, SK, SL, SM, SN, SO, SR, SS, ST, SV, SX, SZ, TC, TD, TF, TG, TH, TJ, TK, TL, TM, TN, TO, TR, TT, TV, TW, TZ, UA, UG, UM, US, UY, UZ, VA, VC, VE, VG, VN, VU, WF, WS, XK, YE, YT, ZA, ZM, ZW",SMSL R3 CS43131 Gaming DAC & Headphone Amp - Black,50865785831663,159.99,USD,https://hifigo.com/cart/50865785831663:1?attributes[click_id]=example_click_id
Audio & Music,IE,hifihut.ie,"AD, AT, BA, BE, BG, CH, CZ, DE, DK, EE, ES, FI, FR, GB, GR, HR, HU, IE, IS, IT, LI, LT, LU, LV, MC, NL, NO, PL, PT, RS, SE, SG, SI, SK, SM",iFi iDSD GR 2 Portable DAC/Amp,54806685909315,549,EUR,https://www.hifihut.ie/cart/54806685909315:1?attributes[click_id]=example_click_id
Coffee & Tea,SG,huggscoffee.com,SG,Colombia Naranja Salsa (Oporapa),51429049860374,26.9,SGD,https://huggscoffee.com/cart/51429049860374:1?attributes[click_id]=example_click_id
Computers & Electronics,US,hypershop.com,"*, AE, AG, AO, AR, AU, AW, AZ, BA, BB, BD, BF, BH, BI, BJ, BM, BO, BS, BW, BZ, CK, CL, CM, CO, CR, CU, CV, CW, DO, DZ, EC, EE, EG, ET, FO, GD, GH, GM, GT, GW, GY, HN, HT, IL, IN, IQ, JM, KE, KG, KI, KW, KY, KZ, LA, LB, LK, LR, LS, LY, MA, MD, ME, MG, MN, MR, MU, MV, MZ, NA, NC, NG, NI, NP, OM, PA, PE, PF, PG, PH, PK, PY, QA, RW, SA, SB, SC, SD, SL, SN, SR, SS, SX, SZ, TC, TD, TJ, TL, TN, TO, TT, TZ, UG, US, UY, VE, VU, WS, YE, ZA, ZM, ZW",HyperDrive GEN2 15-in-1 USB-C Docking Station,39725702709310,299.99,USD,https://www.hypershop.com/cart/39725702709310:1?attributes[click_id]=example_click_id
Home Appliances & DIY,SG,intertech-hardware.com,SG,WD-40 Bike Degreaser,44913671733299,19,SGD,https://intertech-hardware.com/cart/44913671733299:1?attributes[click_id]=example_click_id
Grocery & Pantry,SG,irvinsaltedegg.com,SG,IRVINS Salted Egg Tomato Fish Skin (80g),47790244331746,8,SGD,https://eatirvins.sg/cart/47790244331746:1?attributes[click_id]=example_click_id
Bakery & Desserts,SG,janicewong.online,"SG, TH",69% Peru Single Origin Peppermint Chocolate,45224648147105,14,SGD,https://janicewong.online/cart/45224648147105:1?attributes[click_id]=example_click_id
Bakery & Desserts,US,jenis.com,"*, CA, US",Confetti Brownie Batter,43521362624718,17,USD,https://jenis.com/cart/43521362624718:1?attributes[click_id]=example_click_id
Home & Living,SG,journeyeast.com,"*, AC, AD, AE, AF, AG, AI, AL, AM, AO, AR, AT, AU, AW, AX, AZ, BA, BB, BD, BE, BF, BG, BH, BI, BJ, BL, BM, BN, BO, BQ, BR, BS, BT, BW, BY, BZ, CA, CC, CD, CF, CG, CH, CI, CL, CM, CN, CO, CR, CV, CW, CX, CY, CZ, DE, DJ, DK, DM, DO, DZ, EC, EE, EG, EH, ER, ES, ET, FI, FJ, FK, FO, FR, GA, GB, GD, GE, GF, GG, GH, GI, GL, GM, GN, GP, GQ, GR, GS, GT, GW, GY, HK, HN, HR, HT, HU, ID, IE, IL, IM, IN, IO, IQ, IS, IT, JE, JM, JO, JP, KE, KG, KH, KI, KM, KN, KR, KW, KY, KZ, LA, LB, LC, LI, LK, LR, LS, LT, LU, LV, LY, MA, MC, MD, ME, MF, MG, MK, ML, MM, MN, MO, MQ, MR, MS, MT, MU, MV, MW, MX, MY, MZ, NA, NC, NE, NF, NG, NI, NL, NO, NP, NR, NU, NZ, OM, PA, PE, PF, PG, PH, PK, PL, PM, PN, PS, PT, PY, QA, RE, RO, RS, RU, RW, SA, SB, SC, SD, SE, SG, SH, SI, SJ, SK, SL, SM, SN, SO, SR, SS, ST, SV, SX, SZ, TA, TC, TD, TF, TG, TH, TJ, TK, TL, TM, TN, TO, TR, TT, TV, TW, TZ, UA, UG, UM, US, UY, UZ, VA, VC, VE, VG, VN, VU, WF, WS, XK, YE, YT, ZA, ZM, ZW",Gangzai Raja Square Trinket Tray,50280634024186,75,SGD,https://journeyeast.com/cart/50280634024186:1?attributes[click_id]=example_click_id
Beauty & Personal Care,HK,judydoll.com,"AE, AT, AU, BE, BG, CA, CH, CZ, DE, DK, EE, ES, FI, FR, GB, GR, HR, HU, ID, IE, IT, JP, KR, LT, LU, LV, MX, MY, NL, NZ, PH, PL, PT, RO, SE, SG, SI, SK, TH, US, VN",Mini Makeup Palette,49308028338453,14.99,USD,https://judydoll.com/cart/49308028338453:1?attributes[click_id]=example_click_id
Beauty & Personal Care,US,kbeautymakeup.com,"CA, US",Abib PDRN Collagen Lip Mask 11g,51027169542311,29.7,USD,https://www.kbeautymakeup.com/cart/51027169542311:1?attributes[click_id]=example_click_id
Computers & Electronics,US,keychron.com,"AE, AR, AT, AU, BE, BG, BH, BN, BR, CA, CH, CN, CO, CY, CZ, DE, DK, EE, ES, FI, FR, GB, GR, HK, HR, HU, IE, IL, IS, IT, JM, JP, KH, KR, KW, LT, LU, LV, MO, MT, MV, MX, MY, NL, NO, NZ, PH, PL, PT, QA, RO, RS, SA, SE, SG, SI, SK, TH, US, VN",Keychron B40 Wireless Keyboard - Deep Black,44554000957529,49.99,USD,https://keychron.com/cart/44554000957529:1?attributes[click_id]=example_click_id
Books & Stationery,SG,kinokuniya.com.sg,"AE, AF, AG, AI, AL, AM, AO, AR, AT, AU, AW, AZ, BA, BB, BD, BE, BF, BG, BH, BI, BJ, BM, BN, BO, BS, BT, BW, BY, BZ, CA, CD, CF, CH, CI, CK, CL, CM, CN, CO, CR, CV, CW, CY, CZ, DE, DJ, DK, DM, DO, DZ, EC, EE, EG, ER, ES, ET, FI, FJ, FK, FO, FR, GA, GB, GD, GE, GF, GH, GI, GL, GM, GN, GP, GQ, GR, GT, GW, GY, HK, HN, HR, HT, HU, ID, IE, IL, IN, IS, IT, JM, JO, JP, KE, KG, KH, KI, KM, KN, KR, KW, KY, KZ, LA, LB, LC, LK, LR, LT, LU, LV, MA, MD, ME, MG, MK, ML, MM, MN, MO, MQ, MR, MS, MT, MU, MV, MW, MX, MY, MZ, NA, NC, NE, NG, NI, NL, NO, NP, NR, NU, NZ, OM, PA, PE, PF, PG, PH, PK, PL, PM, PN, PT, PY, QA, RE, RO, RS, RW, SA, SB, SC, SD, SE, SG, SH, SI, SK, SL, SN, SR, ST, SV, SX, SZ, TC, TD, TG, TH, TJ, TK, TM, TN, TO, TR, TT, TV, TW, TZ, UA, UG, US, UY, UZ, VA, VC, VE, VG, VN, VU, WS, YE, YT, ZA, ZM, ZW",名偵探柯南 (106),48658523619563,9.4,SGD,https://kinokuniya.com.sg/cart/48658523619563:1?attributes[click_id]=example_click_id
Pets,SG,kohepets.com.sg,SG,Absolute Bites Tote Bag,51688411988214,9.9,SGD,https://www.kohepets.com.sg/cart/51688411988214:1?attributes[click_id]=example_click_id
Books & Stationery,JP,komorebistationery.com,"AD, AE, AF, AG, AI, AL, AM, AR, AT, AU, AW, AX, AZ, BA, BB, BD, BE, BG, BH, BL, BM, BN, BO, BQ, BR, BS, BT, BY, BZ, CA, CC, CH, CK, CL, CN, CO, CR, CW, CX, CY, CZ, DK, DM, DO, EC, EE, EG, ES, FI, FJ, FK, FO, FR, GB, GD, GE, GF, GG, GI, GL, GP, GR, GT, GY, HK, HN, HR, HT, HU, ID, IE, IL, IM, IN, IO, IQ, IS, IT, JE, JM, JO, JP, KG, KH, KI, KN, KR, KW, KY, KZ, LA, LB, LC, LI, LK, LT, LU, LV, MC, MD, ME, MF, MK, MM, MN, MO, MQ, MS, MT, MU, MV, MX, MY, NC, NF, NI, NL, NO, NP, NR, NU, NZ, OM, PA, PE, PF, PG, PH, PK, PL, PM, PN, PS, PT, PY, QA, RE, RO, RS, SA, SB, SE, SG, SI, SJ, SK, SM, SR, SV, SX, TC, TH, TJ, TK, TL, TM, TO, TR, TT, TV, TW, UA, UM, US, UY, UZ, VA, VC, VE, VG, VN, VU, WF, WS, XK, YE, YT, ZA",Gold Leaf Great Wave Ballpoint Pen,51256992399643,60,JPY,https://komorebistationery.com/cart/51256992399643:1?attributes[click_id]=example_click_id
Beauty & Personal Care,US,kravebeauty.com,"AE, AT, AU, BE, BG, CA, CH, CN, CY, CZ, DE, DK, EE, ES, FI, FR, GB, GR, HK, HR, HU, IE, IL, IN, IT, JP, KR, KW, LT, LU, LV, MC, MT, MY, NL, NO, NZ, PH, PL, PT, QA, RO, SA, SE, SG, SI, SK, TH, TW, US",Barrier On-The-Go Mini Kit,42175892160587,49.5,USD,https://kravebeauty.com/cart/42175892160587:1?attributes[click_id]=example_click_id
Fashion & Apparel,SG,kydra.co,"AE, AU, BN, CA, DE, FR, GB, HK, ID, KH, KR, LA, MM, MY, NZ, PH, SG, TH, TR, TW, US, VN",Axis Linerless Shorts - Navy / M,44822312353983,58,SGD,https://www.kydra.co/cart/44822312353983:1?attributes[click_id]=example_click_id
Bakery & Desserts,US,levainbakery.com,"*, CA, FR, GB, IL, MX, US",Fall Bounty Assortment - 4 PK,60580692820049,32,USD,https://levainbakery.com/cart/60580692820049:1?attributes[click_id]=example_click_id
Audio & Music,US,linsoul.com,"*, AC, AD, AE, AF, AG, AI, AL, AM, AO, AR, AT, AU, AW, AX, AZ, BA, BB, BD, BE, BF, BG, BH, BI, BJ, BL, BM, BN, BO, BQ, BR, BS, BT, BW, BY, BZ, CA, CC, CD, CF, CG, CH, CI, CK, CL, CM, CN, CO, CR, CV, CW, CX, CY, CZ, DE, DJ, DK, DM, DO, DZ, EC, EE, EG, EH, ER, ES, ET, FI, FJ, FK, FO, FR, GA, GB, GD, GE, GF, GG, GH, GI, GL, GM, GN, GP, GQ, GR, GS, GT, GW, GY, HK, HN, HR, HT, HU, ID, IE, IL, IM, IN, IO, IQ, IS, IT, JE, JM, JO, JP, KE, KG, KH, KI, KM, KN, KR, KW, KY, KZ, LA, LB, LC, LI, LK, LR, LS, LT, LU, LV, LY, MA, MC, MD, ME, MF, MG, MK, ML, MM, MN, MO, MQ, MR, MS, MT, MU, MV, MW, MX, MY, MZ, NA, NC, NE, NF, NG, NI, NL, NO, NP, NR, NU, NZ, OM, PA, PE, PF, PG, PH, PK, PL, PM, PN, PS, PT, PY, QA, RE, RO, RS, RU, RW, SA, SB, SC, SD, SE, SG, SH, SI, SJ, SK, SL, SM, SN, SO, SR, SS, ST, SV, SX, SZ, TA, TC, TD, TF, TG, TH, TJ, TK, TL, TM, TN, TO, TR, TT, TV, TW, TZ, UA, UG, UM, US, UY, UZ, VA, VC, VE, VG, VN, VU, WF, WS, XK, YE, YT, ZA, ZM, ZW",SMSL SU-3 Desktop DAC,50542604648665,189.99,USD,https://www.linsoul.com/cart/50542604648665:1?attributes[click_id]=example_click_id
Drinks & Alcohol,US,liquiddeath.com,"*, AD, AE, AG, AI, AL, AM, AO, AR, AT, AU, AW, AZ, BA, BB, BD, BE, BF, BG, BH, BI, BJ, BL, BM, BN, BO, BR, BS, BT, BW, BZ, CA, CG, CH, CI, CK, CL, CM, CN, CO, CR, CV, CW, CY, CZ, DE, DJ, DK, DM, DO, DZ, EC, EE, EG, ES, ET, FI, FJ, FK, FO, FR, GA, GB, GD, GE, GF, GG, GH, GI, GL, GM, GN, GP, GQ, GR, GT, GW, GY, HK, HN, HR, HT, HU, ID, IE, IL, IM, IN, IS, IT, JE, JM, JO, JP, KE, KG, KH, KI, KM, KN, KR, KW, KY, KZ, LA, LB, LC, LI, LK, LR, LS, LT, LU, LV, MA, MC, MD, ME, MF, MG, MK, MN, MO, MQ, MR, MS, MT, MU, MV, MW, MX, MY, MZ, NA, NC, NG, NI, NL, NO, NP, NR, NU, NZ, OM, PA, PE, PF, PG, PH, PK, PL, PT, PY, QA, RE, RO, RS, RW, SA, SB, SC, SE, SG, SH, SI, SK, SL, SM, SN, SR, ST, SV, SX, SZ, TC, TD, TG, TH, TL, TM, TN, TO, TT, TV, TW, TZ, UG, US, UY, UZ, VA, VC, VE, VG, VN, VU, WF, WS, YT, ZA, ZM, ZW",Pot Head Planter - Red,43239726448849,34,USD,https://liquiddeath.com/cart/43239726448849:1?attributes[click_id]=example_click_id
Grocery & Pantry,HK,livezero.hk,"*, AC, AD, AE, AF, AG, AI, AL, AM, AO, AR, AT, AU, AW, AX, AZ, BA, BB, BD, BE, BF, BG, BH, BI, BJ, BL, BM, BN, BO, BQ, BR, BS, BT, BW, BY, BZ, CA, CC, CD, CF, CG, CH, CI, CK, CL, CM, CN, CO, CR, CV, CW, CX, CY, CZ, DE, DJ, DK, DM, DO, DZ, EC, EE, EG, EH, ER, ES, ET, FI, FJ, FK, FO, FR, GA, GB, GD, GE, GF, GG, GH, GI, GL, GM, GN, GP, GQ, GR, GS, GT, GW, GY, HK, HN, HR, HT, HU, ID, IE, IL, IM, IN, IO, IQ, IS, IT, JE, JM, JO, JP, KE, KG, KH, KI, KM, KN, KR, KW, KY, KZ, LA, LB, LC, LI, LK, LR, LS, LT, LU, LV, LY, MA, MC, MD, ME, MF, MG, MK, ML, MM, MN, MO, MQ, MR, MS, MT, MU, MV, MW, MX, MY, MZ, NA, NC, NE, NF, NG, NI, NL, NO, NP, NR, NU, NZ, OM, PA, PE, PF, PG, PH, PK, PL, PM, PN, PS, PT, PY, QA, RE, RO, RS, RU, RW, SA, SB, SC, SD, SE, SG, SH, SI, SJ, SK, SL, SM, SN, SO, SR, SS, ST, SV, SX, SZ, TA, TC, TD, TF, TG, TH, TJ, TK, TL, TM, TN, TO, TR, TT, TV, TW, TZ, UA, UG, UM, US, UY, UZ, VA, VC, VE, VG, VN, VU, WF, WS, XK, YE, YT, ZA, ZM, ZW",Glass Mason Wide Mouth Storage Jar - 8oz Wide Square,48205571457236,20,HKD,https://livezero.hk/cart/48205571457236:1?attributes[click_id]=example_click_id
Home & Living,SG,lux-lumens.sg,"*, SG",Avery - Industrial Linear Ceiling Light - Single / Black / 3000K,52353317896481,99,SGD,https://lux-lumens.sg/cart/52353317896481:1?attributes[click_id]=example_click_id
Home Appliances & DIY,MY,machines.com.my,MY,Beats 360 Cushion Kit,67587936583791,199,MYR,https://www.machines.com.my/cart/67587936583791:1?attributes[click_id]=example_click_id
Grocery & Pantry,US,magicspoon.com,"CA, GB, US",Variety 6 - 1 case (6 boxes),39401282994238,55.5,USD,https://magicspoon.com/cart/39401282994238:1?attributes[click_id]=example_click_id
Kitchen & Dining,US,materialkitchen.com,"*, CA, US",The Forever Peeler - Stainless Steel,42051763535934,40,USD,https://materialkitchen.com/cart/42051763535934:1?attributes[click_id]=example_click_id
Computers & Electronics,US,mavigadget.com,"AC, AD, AE, AF, AG, AI, AL, AM, AO, AR, AT, AU, AW, AX, AZ, BA, BB, BD, BE, BF, BG, BH, BI, BJ, BL, BM, BN, BO, BQ, BR, BS, BT, BW, BY, BZ, CA, CC, CD, CF, CG, CH, CI, CK, CL, CM, CN, CO, CR, CV, CW, CX, CY, CZ, DE, DJ, DK, DM, DO, DZ, EC, EE, EG, EH, ER, ES, ET, FI, FJ, FK, FO, FR, GA, GB, GD, GE, GF, GG, GH, GI, GL, GM, GN, GP, GQ, GR, GS, GT, GW, GY, HK, HN, HR, HT, HU, ID, IE, IL, IM, IN, IO, IQ, IS, IT, JE, JM, JO, JP, KE, KG, KH, KI, KM, KN, KR, KW, KY, KZ, LA, LB, LC, LI, LK, LR, LS, LT, LU, LV, LY, MA, MC, MD, ME, MF, MG, MK, ML, MM, MN, MO, MQ, MR, MS, MT, MU, MV, MW, MX, MY, MZ, NA, NC, NE, NF, NG, NI, NL, NO, NP, NR, NU, NZ, OM, PA, PE, PF, PG, PH, PK, PL, PM, PN, PS, PT, PY, QA, RE, RO, RS, RU, RW, SA, SB, SC, SD, SE, SG, SH, SI, SJ, SK, SL, SM, SN, SO, SR, SS, ST, SV, SX, SZ, TA, TC, TD, TF, TG, TH, TJ, TK, TL, TM, TN, TO, TR, TT, TV, TW, TZ, UA, UG, UM, US, UY, UZ, VA, VC, VE, VG, VN, VU, WF, WS, XK, YE, YT, ZA, ZM, ZW",Zero Setup Dual Screen Portable Laptop Monitor - 14in,46126250328124,359.95,USD,https://mavigadget.com/cart/46126250328124:1?attributes[click_id]=example_click_id
Pets,US,maxbone.com,"AD, AE, AF, AG, AI, AL, AM, AO, AR, AU, AW, AX, AZ, BA, BB, BD, BF, BH, BI, BJ, BL, BM, BN, BO, BQ, BS, BT, BW, BY, BZ, CA, CC, CD, CF, CG, CH, CI, CK, CL, CM, CN, CO, CR, CV, CW, CX, DJ, DM, DO, DZ, EC, EG, EH, ER, ET, FJ, FK, FO, GA, GB, GD, GE, GF, GG, GH, GI, GL, GM, GN, GP, GQ, GS, GT, GW, GY, HK, HN, HT, ID, IL, IM, IN, IO, IQ, IS, JE, JM, JO, JP, KE, KG, KH, KI, KM, KN, KW, KY, KZ, LA, LB, LC, LI, LK, LR, LS, LY, MA, MC, MD, ME, MF, MG, MK, ML, MM, MN, MO, MQ, MR, MS, MU, MV, MW, MY, MZ, NA, NC, NE, NF, NG, NI, NO, NP, NR, NU, NZ, OM, PA, PE, PF, PG, PH, PK, PM, PN, PS, PY, QA, RE, RS, RW, SA, SB, SC, SD, SG, SH, SJ, SL, SM, SN, SO, SR, SS, ST, SV, SX, SZ, TC, TD, TF, TG, TH, TJ, TK, TL, TM, TN, TO, TR, TT, TV, TW, TZ, UA, UG, UM, US, UY, UZ, VA, VC, VE, VG, VN, VU, WF, WS, XK, YE, YT, ZA, ZM, ZW",Marc Jacobs x maxbone Daisy Collar - S,54020381901164,25,USD,https://www.maxbone.com/cart/54020381901164:1?attributes[click_id]=example_click_id
Department Stores & Marketplaces,SG,metro.com.sg,"JP, SG",Kose Sekkisei Brightening Holiday Kit,52255697371457,34,SGD,https://metro.com.sg/cart/52255697371457:1?attributes[click_id]=example_click_id
Kitchen & Dining,US,misen.com,"AE, AG, AR, AT, AU, AW, BA, BB, BD, BE, BG, BH, BL, BM, BN, BO, BR, BS, BW, BZ, CA, CH, CL, CM, CN, CO, CR, CW, CY, CZ, DE, DK, DM, DO, EC, EE, EG, ES, ET, FI, FR, GA, GB, GF, GG, GH, GP, GR, GT, GY, HK, HN, HR, HT, HU, ID, IE, IL, IN, IT, JE, JM, JO, JP, KE, KH, KN, KR, KW, KY, LB, LC, LI, LK, LT, LU, LV, MA, MC, MG, ML, MM, MO, MQ, MT, MU, MV, MW, MX, MY, MZ, NA, NE, NG, NI, NL, NO, NZ, OM, PA, PE, PH, PK, PL, PT, PY, QA, RE, RO, RS, RW, SA, SE, SG, SI, SK, SN, SR, SV, TD, TG, TH, TR, TW, TZ, UG, US, UY, VC, VE, VN, ZA, ZM, ZW",9-Piece Dinnerware + Flatware Set (Serves 1) - White / Polished,62697806299217,139,USD,https://misen.com/cart/62697806299217:1?attributes[click_id]=example_click_id
Books & Stationery,MY,mossery.co,"AD, AE, AG, AI, AL, AM, AN, AO, AR, AT, AU, AW, AX, BA, BB, BD, BE, BF, BG, BH, BI, BJ, BL, BM, BN, BO, BQ, BR, BS, BT, BV, BW, BY, BZ, CA, CC, CD, CF, CG, CH, CI, CK, CL, CM, CN, CO, CR, CU, CV, CW, CX, CY, CZ, DE, DJ, DK, DM, DO, DZ, EC, EE, EG, EH, ER, ES, ET, FI, FJ, FK, FO, FR, GA, GB, GD, GE, GF, GG, GH, GI, GL, GM, GN, GP, GQ, GR, GS, GT, GW, GY, HK, HM, HN, HR, HT, HU, ID, IE, IM, IN, IO, IQ, IS, IT, JE, JM, JO, JP, KE, KG, KH, KI, KM, KN, KR, KW, KY, KZ, LA, LB, LC, LI, LK, LR, LS, LT, LU, LV, LY, MA, MC, MD, ME, MF, MG, MK, ML, MM, MN, MO, MQ, MR, MS, MT, MU, MV, MW, MX, MY, MZ, NA, NC, NE, NF, NG, NI, NL, NO, NP, NR, NU, NZ, OM, PA, PE, PF, PG, PH, PK, PL, PM, PN, PS, PT, PY, QA, RE, RO, RS, RU, RW, SA, SB, SC, SD, SE, SG, SH, SI, SJ, SK, SL, SM, SN, SO, SR, SS, ST, SV, SX, SY, SZ, TC, TD, TF, TG, TH, TJ, TK, TL, TM, TN, TO, TR, TT, TV, TW, TZ, UA, UG, UM, US, UY, UZ, VA, VC, VE, VG, VN, VU, WF, WS, XK, YE, YT, ZA, ZM, ZW",Far From Above Undated Planner,48900544102553,13.5,USD,https://www.mossery.co/cart/48900544102553:1?attributes[click_id]=example_click_id
Baby & Kids,SG,motherswork.com.sg,"HK, ID, KR, MY, SG, TH, VN",Little Rei Eco-Conscious Tape Diapers - Newborn (36pc),41661023813690,16.9,SGD,https://motherswork.com.sg/cart/41661023813690:1?attributes[click_id]=example_click_id
Maker & DIY Electronics,US,nzxt.com,"*, CA, JP, US",F420 RGB Core - White,40575815385160,74.99,USD,https://nzxt.com/cart/40575815385160:1?attributes[click_id]=example_click_id
Grocery & Pantry,HK,online.citysuper.com.hk,HK,HIPP Organic Baby's Biscuit (180g),40900339204139,50,HKD,https://online.citysuper.com.hk/cart/40900339204139:1?attributes[click_id]=example_click_id
Household Essentials,US,packagefreeshop.com,"*, US",Multi-Purpose Cleaning Spray - Lavender / Nozzle,43868446261345,14,USD,https://packagefreeshop.com/cart/43868446261345:1?attributes[click_id]=example_click_id
Coffee & Tea,SG,parchmen.co,"*, MY, SG","Cindy Li, Thanaka Coffee (Champagne Garden) - 50g / Whole bean",47931586478257,8,SGD,https://www.parchmen.co/cart/47931586478257:1?attributes[click_id]=example_click_id
Grocery & Pantry,US,partakefoods.com,US,Teeny Tiny Chocolate Chip - 6 boxes,43267581870178,35,USD,https://partakefoods.com/cart/43267581870178:1?attributes[click_id]=example_click_id
Fashion & Apparel,AU,patagonia.com.au,"AC, AD, AE, AF, AG, AI, AL, AM, AO, AR, AT, AU, AW, AX, AZ, BA, BB, BD, BE, BF, BG, BH, BI, BJ, BL, BM, BN, BO, BQ, BR, BS, BT, BW, BY, BZ, CA, CC, CD, CF, CG, CH, CI, CL, CM, CN, CO, CR, CV, CW, CX, CY, CZ, DE, DJ, DK, DM, DO, DZ, EC, EE, EG, EH, ER, ES, ET, FI, FJ, FK, FO, FR, GA, GD, GE, GF, GG, GH, GI, GL, GM, GN, GP, GQ, GR, GS, GT, GW, GY, HK, HN, HR, HT, HU, ID, IE, IL, IM, IN, IO, IQ, IS, IT, JE, JM, JO, JP, KE, KG, KH, KI, KM, KN, KR, KW, KY, KZ, LA, LB, LC, LI, LK, LR, LS, LT, LU, LV, LY, MA, MC, MD, ME, MF, MG, MK, ML, MM, MN, MO, MQ, MR, MS, MT, MU, MV, MW, MX, MY, MZ, NA, NC, NE, NF, NG, NI, NL, NO, NP, NR, NU, NZ, OM, PA, PE, PF, PG, PH, PK, PL, PM, PN, PS, PT, PY, QA, RE, RO, RS, RU, RW, SA, SB, SC, SD, SE, SG, SH, SI, SJ, SK, SL, SM, SN, SO, SR, SS, ST, SV, SX, SZ, TA, TD, TF, TG, TH, TJ, TK, TL, TM, TN, TO, TT, TV, TW, TZ, UA, UG, UM, US, UY, UZ, VA, VC, VE, VG, VN, VU, WF, WS, XK, YE, YT, ZA, ZM, ZW",Overlook Merino Wool Liner Beanie - Black,40115988365384,59.95,AUD,https://www.patagonia.com.au/cart/40115988365384:1?attributes[click_id]=example_click_id
Footwear & Bags,SG,pazzion.com,"AE, AT, AU, BE, BG, BN, CA, CH, CN, CY, DE, DK, EE, ES, FI, FR, GB, GR, HK, HR, HU, ID, IE, IN, IT, JP, KR, LI, LT, LU, LV, MC, MO, MT, MY, NL, NO, NZ, PH, PL, PT, RO, SE, SG, SI, SK, TH, TW, US, VN",Cara Woven Bag - Dark Brown - XL,48571082342643,96,SGD,https://www.pazzion.com/cart/48571082342643:1?attributes[click_id]=example_click_id
Office & Business Supplies,SG,picketandrail.com,SG,Geometry 12 Custom Table - Cantilever,50521485770822,699,SGD,https://picketandrail.com/cart/50521485770822:1?attributes[click_id]=example_click_id
Computers & Electronics,US,pixiogaming.com,"CA, US",Pixio PX27 LUMA OLED Glossy,52521820094596,899.99,USD,https://pixiogaming.com/cart/52521820094596:1?attributes[click_id]=example_click_id
Bakery & Desserts,SG,plainvanilla.com.sg,SG,Box of 6 Cupcakes - Specials,42074587496610,34.5,SGD,https://plainvanilla.com.sg/cart/42074587496610:1?attributes[click_id]=example_click_id
Computers & Electronics,NZ,playtech.co.nz,"AC, AD, AE, AF, AG, AI, AL, AM, AO, AR, AT, AU, AW, AX, AZ, BA, BB, BD, BE, BF, BG, BH, BI, BJ, BL, BM, BN, BO, BQ, BR, BS, BT, BW, BY, BZ, CA, CC, CD, CF, CG, CH, CI, CK, CL, CM, CN, CO, CR, CV, CW, CX, CY, CZ, DE, DJ, DK, DM, DO, DZ, EC, EE, EG, EH, ER, ES, ET, FI, FJ, FK, FO, FR, GA, GB, GD, GE, GF, GG, GH, GI, GL, GM, GN, GP, GQ, GR, GS, GT, GW, GY, HK, HN, HR, HT, HU, ID, IE, IL, IM, IN, IO, IQ, IS, IT, JE, JM, JO, JP, KE, KG, KH, KI, KM, KN, KR, KW, KY, KZ, LA, LB, LC, LI, LK, LR, LS, LT, LU, LV, LY, MA, MC, MD, ME, MF, MG, MK, ML, MM, MN, MO, MQ, MR, MS, MT, MU, MV, MW, MX, MY, MZ, NA, NC, NE, NF, NG, NI, NL, NO, NP, NR, NU, NZ, OM, PA, PE, PF, PG, PH, PK, PL, PM, PN, PS, PT, PY, QA, RE, RO, RS, RU, RW, SA, SB, SC, SD, SE, SG, SH, SI, SJ, SK, SL, SM, SN, SO, SR, SS, ST, SV, SX, SZ, TA, TC, TD, TF, TG, TH, TJ, TK, TL, TM, TN, TO, TR, TT, TV, TW, TZ, UA, UG, UM, US, UY, UZ, VA, VC, VE, VG, VN, VU, WF, WS, XK, YE, YT, ZA, ZM, ZW",The Hunter Evolve Dark,53833591455908,3999,NZD,https://playtech.co.nz/cart/53833591455908:1?attributes[click_id]=example_click_id
Computers & Electronics,US,plugable.com,US,"Plugable USB-C Triple Monitor Docking Station, 100W Laptop Charging",52269931266279,149.99,USD,https://plugable.com/cart/52269931266279:1?attributes[click_id]=example_click_id
Computers & Electronics,AU,polartech.com.au,AU,ASUS X442 Series Replacement Laptop Keyboard - US Layout Black,67757557383391,25,AUD,https://www.polartech.com.au/cart/67757557383391:1?attributes[click_id]=example_click_id
Books & Stationery,SG,popular.com.sg,SG,True Singapore Ghost Stories Book 12,44237547733199,10.79,SGD,https://popular.com.sg/cart/44237547733199:1?attributes[click_id]=example_click_id
Coffee & Tea,SG,pppcoffee.com,"AD, AE, AF, AG, AI, AL, AM, AO, AR, AT, AU, AW, AX, BA, BB, BE, BF, BG, BH, BI, BL, BM, BN, BO, BR, BS, BW, BY, BZ, CA, CC, CD, CG, CH, CI, CK, CL, CM, CN, CO, CR, CV, CW, CX, CZ, DE, DK, DM, DO, DZ, EE, EG, EH, ER, ES, ET, FI, FJ, FK, FO, FR, GA, GB, GD, GE, GF, GG, GH, GI, GL, GM, GN, GP, GQ, GR, GS, GT, GW, GY, HK, HR, HT, HU, ID, IE, IL, IM, IO, IS, IT, JE, JM, JO, KE, KG, KH, KI, KM, KN, KR, KZ, LA, LB, LC, LI, LR, LS, LT, LU, MA, MC, MF, MG, MK, ML, MN, MO, MQ, MS, MT, MU, MV, MW, MX, MY, MZ, NA, NE, NF, NG, NI, NL, NO, NR, NU, NZ, OM, PG, PH, PK, PL, PM, PN, PS, PT, PY, QA, RE, RO, RS, RU, RW, SA, SB, SC, SD, SE, SG, SH, SI, SJ, SK, SL, SM, SN, SO, SR, SS, ST, SV, SX, SZ, TC, TF, TG, TH, TK, TL, TO, TR, TT, TV, TW, TZ, UA, UG, UM, US, UY, UZ, VA, VC, VE, VG, VN, VU, WF, XK, YT, ZM",Hacienda El Obraje - 250g / Whole Beans,52396922601692,30,SGD,https://pppcoffee.com/cart/52396922601692:1?attributes[click_id]=example_click_id
Computers & Electronics,SG,prismplus.sg,"*, SG",PRISM+ W290U monitor,49520064692451,199,SGD,https://prismplus.sg/cart/49520064692451:1?attributes[click_id]=example_click_id
Coffee & Tea,SG,prycetea.com,"*, AE, AR, AU, AW, BD, BE, BG, BN, BO, BR, BT, BY, CA, CH, CL, CN, CO, CY, DE, DK, EC, EE, ES, FI, FK, FR, GB, GF, GG, GR, GY, HK, HR, HU, ID, IE, IN, IS, IT, JE, JP, KH, KR, LA, LK, LT, LU, LV, MM, MN, MO, MT, MV, MY, NL, NO, NP, NZ, PE, PH, PK, PL, PT, PY, QA, RO, SE, SG, SI, SK, SR, TH, TT, TW, UA, UM, US, UY, VE, VN, ZA",Mandarin Liu Bao Cha,43686345048199,32,SGD,https://prycetea.com/cart/43686345048199:1?attributes[click_id]=example_click_id
Household Essentials,US,publicgoods.com,"*, AE, AT, AU, BE, BG, BR, CA, CH, CL, CY, CZ, DE, DK, EE, ES, FI, FR, GB, GR, HK, HR, HU, IE, IL, IT, JP, KR, KZ, LT, LU, LV, MK, MT, MX, MY, NL, NO, NP, NZ, PL, PT, RO, SE, SG, SI, SK, TH, US",Silicone Travel Bottles Refill Kit - 5ct,50034195169418,19.95,USD,https://www.publicgoods.com/cart/50034195169418:1?attributes[click_id]=example_click_id
Health & Wellness,SG,pupsik.sg,SG,Youha Warming Lactation Massager,47639520608510,34.9,SGD,https://pupsik.sg/cart/47639520608510:1?attributes[click_id]=example_click_id
Drinks & Alcohol,US,rabbitwine.com,US,Leak-Proof Beverage Tumblers - taupe,42170340704341,30.99,USD,https://www.rabbitwine.com/cart/42170340704341:1?attributes[click_id]=example_click_id
Health & Wellness,US,ritual.com,"CA, GB, US",Men's Multivitamin 18+ - 30 servings,43253299970142,37.5,USD,https://ritual.com/cart/43253299970142:1?attributes[click_id]=example_click_id
Bakery & Desserts,US,riverdogbakery.com,"CA, US",Limited Edition Pumpkin Egg Puffs,47294120034559,12,USD,https://riverdogbakery.com/cart/47294120034559:1?attributes[click_id]=example_click_id
Drinks & Alcohol,AU,sansdrinks.com.au,"AU, CA, GB, NF, NZ, US",Lyre's Classico - 750ml,54921904423136,21.95,AUD,https://sansdrinks.com.au/cart/54921904423136:1?attributes[click_id]=example_click_id
Computers & Electronics,US,satechi.net,"AD, AE, AG, AI, AL, AM, AO, AR, AT, AU, AW, AX, AZ, BA, BB, BD, BE, BF, BG, BH, BI, BJ, BL, BM, BO, BS, BW, BZ, CA, CC, CD, CF, CG, CH, CI, CK, CL, CM, CN, CO, CR, CV, CW, CX, CY, CZ, DE, DJ, DK, DM, DO, DZ, EC, EE, EG, EH, ER, ES, ET, FI, FJ, FK, FO, FR, GA, GB, GD, GE, GF, GG, GH, GI, GL, GM, GN, GP, GQ, GR, GS, GT, GW, GY, HK, HN, HR, HT, HU, ID, IE, IL, IM, IO, IQ, IS, IT, JE, JM, JO, JP, KE, KG, KH, KI, KM, KN, KR, KW, KY, KZ, LA, LB, LC, LI, LK, LR, LS, LT, LU, LV, LY, MA, MC, MD, ME, MF, MG, MK, ML, MN, MO, MQ, MR, MS, MT, MU, MV, MW, MX, MY, MZ, NA, NC, NF, NG, NI, NL, NO, NP, NR, NU, NZ, OM, PA, PE, PF, PG, PH, PK, PL, PM, PN, PS, PT, PY, QA, RE, RO, RS, RW, SA, SB, SC, SE, SG, SH, SI, SJ, SK, SL, SM, SN, SO, SR, SS, ST, SV, SX, SZ, TC, TD, TF, TG, TH, TJ, TK, TL, TM, TN, TO, TT, TV, TW, TZ, UG, UM, US, UY, UZ, VA, VC, VE, VG, VN, VU, WF, WS, XK, YT, ZA, ZM, ZW",USB-C Snap Hub - Citrus,44267709005912,44.99,USD,https://satechi.net/cart/44267709005912:1?attributes[click_id]=example_click_id
Home & Living,SG,scanteak.com.sg,"SG, US",Brunja Dining Chair,48176029892862,329,SGD,https://scanteak.com.sg/cart/48176029892862:1?attributes[click_id]=example_click_id
Computers & Electronics,US,schupantech.com,US,DELL OPTIPLEX 7010 USFF | Intel Core i5 13500T 16GB RAM NO HDD NO OS | USED GOOD,49046737092825,299.99,USD,https://schupantech.com/cart/49046737092825:1?attributes[click_id]=example_click_id
Beauty & Personal Care,SG,sg.allies.shop,"BN, HK, JP, KR, MO, SG, TW",Peptint Tripeptide & Goji Cells Plumping Lip Treatment,47999742050498,48,SGD,https://sg.allies.shop/cart/47999742050498:1?attributes[click_id]=example_click_id
Home Appliances & DIY,AU,sharkninja.com.au,AU,ChillPill - Clip,43622922846243,29.99,AUD,https://sharkninja.com.au/cart/43622922846243:1?attributes[click_id]=example_click_id
Audio & Music,CN,shenzhenaudio.com,"AC, AD, AE, AF, AG, AI, AL, AM, AO, AR, AT, AU, AW, AX, AZ, BA, BB, BD, BE, BF, BG, BH, BI, BJ, BL, BM, BN, BO, BQ, BR, BS, BT, BW, BY, BZ, CA, CC, CD, CF, CG, CH, CI, CK, CL, CM, CN, CO, CR, CV, CW, CX, CY, CZ, DE, DJ, DK, DM, DO, DZ, EC, EE, EG, EH, ER, ES, ET, FI, FJ, FK, FO, FR, GA, GB, GD, GE, GF, GG, GH, GI, GL, GM, GN, GP, GQ, GR, GS, GT, GW, GY, HK, HN, HR, HT, HU, ID, IE, IL, IN, IO, IQ, IS, IT, JE, JM, JO, JP, KE, KG, KH, KI, KM, KN, KR, KW, KY, KZ, LA, LB, LC, LI, LK, LR, LS, LT, LU, LV, LY, MA, MC, MD, ME, MF, MG, MK, ML, MM, MN, MO, MQ, MR, MS, MT, MU, MV, MW, MX, MY, MZ, NA, NC, NE, NF, NG, NI, NL, NO, NP, NR, NU, NZ, OM, PA, PE, PF, PG, PH, PK, PL, PM, PN, PS, PT, PY, QA, RE, RO, RS, RU, RW, SA, SB, SC, SD, SE, SG, SH, SI, SJ, SK, SL, SM, SN, SO, SR, SS, ST, SV, SX, SZ, TA, TC, TD, TF, TG, TH, TJ, TK, TL, TM, TN, TO, TT, TV, TW, TZ, UA, UG, UM, US, UY, UZ, VA, VC, VE, VG, VN, VU, WF, WS, XK, YE, YT, ZA, ZM, ZW",SMSL SU3 AK4496 DAC,51584986382579,189.99,USD,https://shenzhenaudio.com/cart/51584986382579:1?attributes[click_id]=example_click_id
Jewellery & Watches,AU,shiels.com.au,"*, AU",Citizen AN3680-50A Chronograph,44187788738789,199,AUD,https://www.shiels.com.au/cart/44187788738789:1?attributes[click_id]=example_click_id
Maker & DIY Electronics,US,shop.hak5.org,"*, AD, AL, AR, AT, AU, BA, BE, BG, BO, BR, CA, CH, CL, CR, CY, CZ, DE, DK, EC, EE, ES, FI, FR, GB, GI, GR, HR, HU, IE, IM, IS, IT, JE, JP, LI, LT, LU, LV, MC, MD, ME, MK, MT, MX, MY, NL, NO, NZ, PL, PT, RO, RS, SE, SG, SI, SK, SM, TR, UA, US, VA, VG",LAN Turtle Student Bundle,44293814452337,150,USD,https://shop.hak5.org/cart/44293814452337:1?attributes[click_id]=example_click_id
Department Stores & Marketplaces,SG,shoppy.sg,"*, HK, MY, SG",Ultrasonic Mosquito Repeller,15858759139377,22.9,SGD,https://shoppy.sg/cart/15858759139377:1?attributes[click_id]=example_click_id
Grocery & Pantry,SG,sixeleven.xyz,"MY, SG",CocoCoast - Chocolate Coconut Water - 500ml,58914729361568,3.85,SGD,https://sixeleven.xyz/cart/58914729361568:1?attributes[click_id]=example_click_id
Gifts & Flowers,SG,spectrumstore.sg,"AC, AD, AE, AF, AG, AI, AL, AM, AO, AR, AT, AU, AW, AX, AZ, BA, BB, BD, BE, BF, BG, BH, BI, BJ, BL, BM, BN, BO, BQ, BR, BS, BT, BW, BY, BZ, CA, CC, CD, CF, CG, CH, CI, CK, CL, CM, CN, CO, CR, CV, CW, CX, CY, CZ, DE, DJ, DK, DM, DO, DZ, EC, EE, EG, EH, ER, ES, ET, FI, FJ, FK, FO, FR, GA, GB, GD, GE, GF, GG, GH, GI, GL, GM, GN, GP, GQ, GR, GS, GT, GW, GY, HK, HN, HR, HT, HU, ID, IE, IL, IM, IN, IO, IQ, IS, IT, JE, JM, JO, JP, KE, KG, KH, KI, KM, KN, KR, KW, KY, KZ, LA, LB, LC, LI, LK, LR, LS, LT, LU, LV, LY, MA, MC, MD, ME, MF, MG, MK, ML, MM, MN, MO, MQ, MR, MS, MT, MU, MV, MW, MX, MY, MZ, NA, NC, NE, NF, NG, NI, NL, NO, NP, NR, NU, NZ, OM, PA, PE, PF, PG, PH, PK, PL, PM, PN, PS, PT, PY, QA, RE, RO, RS, RU, RW, SA, SB, SC, SD, SE, SG, SH, SI, SJ, SK, SL, SM, SN, SO, SR, SS, ST, SV, SX, SZ, TA, TC, TD, TF, TG, TH, TJ, TK, TL, TM, TN, TO, TR, TT, TV, TW, TZ, UA, UG, UM, US, UY, UZ, VA, VC, VE, VG, VN, VU, WF, WS, XK, YE, YT, ZA, ZM, ZW",Puffy Laptop Sleeve 13/14in - Leopard,50275440034035,59,SGD,https://spectrumstore.sg/cart/50275440034035:1?attributes[click_id]=example_click_id
Books & Stationery,HK,stationerypal.com,"AE, AM, AR, AT, AU, BA, BD, BE, BG, BH, BN, CA, CH, CL, CO, CR, CY, CZ, DE, DK, DO, DZ, EC, EE, EG, ES, FI, FR, GB, GR, GT, HK, HR, HU, ID, IE, IL, IN, IS, IT, JP, KR, KW, KZ, LK, LT, LU, LV, MA, ME, MO, MT, MU, MX, MY, NL, NO, NZ, OM, PA, PE, PH, PK, PL, PT, QA, RO, RU, SA, SE, SG, SI, SK, SV, TH, TR, TW, US, VN, ZA",Puppy Notepad - Moon,40038938247235,1.41,USD,https://stationerypal.com/cart/40038938247235:1?attributes[click_id]=example_click_id
Maker & DIY Electronics,EG,store.fut-electronics.com,"AC, AD, AE, AF, AG, AI, AL, AM, AO, AR, AT, AU, AW, AX, AZ, BA, BB, BD, BE, BF, BG, BH, BI, BJ, BL, BM, BN, BO, BQ, BR, BS, BT, BV, BW, BY, BZ, CA, CC, CD, CF, CG, CH, CI, CK, CL, CM, CN, CO, CR, CV, CW, CX, CY, CZ, DE, DJ, DK, DM, DO, DZ, EC, EE, EG, EH, ER, ES, ET, FI, FJ, FK, FO, FR, GA, GB, GD, GE, GF, GG, GH, GI, GL, GM, GN, GP, GQ, GR, GS, GT, GW, GY, HK, HM, HN, HR, HT, HU, ID, IE, IL, IM, IN, IO, IQ, IS, IT, JE, JM, JO, JP, KE, KG, KH, KI, KM, KN, KR, KW, KY, KZ, LA, LB, LC, LI, LK, LR, LS, LT, LU, LV, LY, MA, MC, MD, ME, MF, MG, MK, ML, MM, MN, MO, MQ, MR, MS, MT, MU, MV, MW, MX, MY, MZ, NA, NC, NE, NF, NG, NI, NL, NO, NP, NR, NU, NZ, OM, PA, PE, PF, PG, PH, PK, PL, PM, PN, PS, PT, PY, QA, RE, RO, RS, RU, RW, SA, SB, SC, SD, SE, SG, SH, SI, SJ, SK, SL, SM, SN, SO, SR, SS, ST, SV, SX, SZ, TA, TC, TD, TF, TG, TH, TJ, TK, TL, TM, TN, TO, TR, TT, TV, TW, TZ, UA, UG, UM, US, UY, UZ, VA, VC, VE, VG, VN, VU, WF, WS, XK, YE, YT, ZA, ZM, ZW",ESP32-C6 Development Board,67577340559469,499,EGP,https://store.fut-electronics.com/cart/67577340559469:1?attributes[click_id]=example_click_id
Home & Living,HK,suburban.com.hk,"AD, AE, AF, AG, AI, AL, AM, AR, AT, AU, AW, AX, AZ, BA, BB, BD, BE, BG, BH, BL, BM, BN, BO, BQ, BR, BS, BT, BY, BZ, CA, CC, CH, CK, CL, CN, CO, CR, CW, CX, CY, CZ, DE, DK, DM, DO, EC, EE, EG, ES, FI, FJ, FK, FO, FR, GB, GD, GE, GF, GG, GH, GI, GL, GP, GR, GS, GT, GY, HK, HN, HR, HT, HU, ID, IE, IL, IM, IN, IO, IQ, IS, IT, JE, JM, JO, JP, KG, KH, KI, KN, KR, KW, KY, KZ, LA, LB, LC, LI, LK, LT, LU, LV, MC, MD, ME, MF, MK, MM, MN, MO, MQ, MS, MT, MV, MX, MY, NC, NF, NI, NL, NO, NP, NR, NU, NZ, OM, PA, PE, PF, PG, PH, PK, PL, PM, PN, PS, PT, PY, QA, RE, RO, RS, RU, SA, SB, SC, SE, SG, SI, SJ, SK, SM, SR, SV, SX, TC, TF, TH, TJ, TK, TL, TM, TO, TR, TT, TV, TW, UM, US, UY, UZ, VA, VC, VG, VN, VU, WF, WS, XK, YE, YT, ZA",Sternum Strap #2 - V-Buckle (GITD) / 20mm,50524532474107,200,HKD,https://suburban.com.hk/cart/50524532474107:1?attributes[click_id]=example_click_id
Grocery & Pantry,SG,supernature.com.sg,SG,"Organic Lime Sea Salt Kombucha, 330ml",52034775843136,8.08,SGD,https://eshop.supernature.com.sg/cart/52034775843136:1?attributes[click_id]=example_click_id
Maker & DIY Electronics,GB,switchelectronics.co.uk,"AE, AT, AU, BE, BG, BH, CA, CH, CY, CZ, DE, DK, EE, EG, ES, FI, FR, GB, GG, GR, HK, HR, HU, IE, IL, IM, IS, IT, JE, JP, KR, LT, LU, LV, MC, MT, MY, NL, NO, NZ, PL, PT, RO, SE, SG, SI, SK, US",Replacement Soldering Iron for AT980E 80W ATTEN,58511535079807,19.2,GBP,https://www.switchelectronics.co.uk/cart/58511535079807:1?attributes[click_id]=example_click_id
Computers & Electronics,GB,tech-wizz.co.uk,"*, AE, AU, BE, CA, CH, CY, CZ, DE, DK, EE, ES, FI, FR, GB, HK, IE, IL, IT, JE, JP, KR, MY, NL, NO, NZ, PL, PT, QA, SE, SG, SV, US",Lenovo Yoga Slim 7 14in OLED - Ryzen AI 5 330 16GB 512GB,59274342367580,669.99,GBP,https://www.tech-wizz.co.uk/cart/59274342367580:1?attributes[click_id]=example_click_id
Computers & Electronics,US,techforless.com,US,Kensington K75406US Pro Fit Ergo Wireless Keyboard - Open Box,50542724153480,59.97,USD,https://www.techforless.com/cart/50542724153480:1?attributes[click_id]=example_click_id
Grocery & Pantry,SG,thefishwives.com,SG,Yellow Onion (500g) - 500g Pack,49640989720814,4,SGD,https://thefishwives.com/cart/49640989720814:1?attributes[click_id]=example_click_id
Grocery & Pantry,SG,thegoldenduck.co,"AU, CA, CH, DE, FR, GB, HK, ID, MY, NL, NZ, SG, TH, US",Signature Snackbox: Sichuan Mala Hot Pot Potato Ridges - 4 packs,45089923137708,39,SGD,https://www.thegoldenduck.co/cart/45089923137708:1?attributes[click_id]=example_click_id
Maker & DIY Electronics,GB,thepihut.com,"AD, AT, AU, BE, CA, CH, CY, CZ, DE, DK, EE, ES, FI, FO, FR, GB, GG, GI, GR, HR, HU, IE, IM, IS, IT, JE, JP, LI, LT, LU, LV, MC, NL, NO, NZ, PL, PT, RO, SE, SI, SJ, SK, SM, TR, UM, US, VA, YT",SupTronics X1509 Dual Ethernet 8-Port SATA Carrier for CM5,56318061052289,87.5,GBP,https://thepihut.com/cart/56318061052289:1?attributes[click_id]=example_click_id
Home & Living,SG,thesocialspace.co,"MY, SG",The Little Mama Shop (150-piece mini puzzle),48788677656830,15,SGD,https://thesocialspace.co/cart/48788677656830:1?attributes[click_id]=example_click_id
Fashion & Apparel,SG,thetinselrack.com,"AC, AD, AE, AF, AG, AI, AL, AM, AO, AR, AT, AU, AW, AX, AZ, BA, BB, BD, BE, BF, BG, BH, BI, BJ, BL, BM, BN, BO, BQ, BR, BS, BT, BW, BY, BZ, CA, CC, CD, CF, CG, CH, CI, CK, CL, CM, CN, CO, CR, CV, CW, CX, CY, CZ, DE, DJ, DK, DM, DO, DZ, EC, EE, EG, EH, ER, ES, ET, FI, FJ, FK, FO, FR, GA, GB, GD, GE, GF, GG, GH, GI, GL, GM, GN, GP, GQ, GR, GS, GT, GW, GY, HK, HN, HR, HT, HU, ID, IE, IL, IM, IN, IO, IQ, IS, IT, JE, JM, JO, JP, KE, KG, KH, KI, KM, KN, KR, KW, KY, KZ, LA, LB, LC, LI, LK, LR, LS, LT, LU, LV, LY, MA, MC, MD, ME, MF, MG, MK, ML, MM, MN, MO, MQ, MR, MS, MT, MU, MV, MW, MX, MY, MZ, NA, NC, NE, NF, NG, NI, NL, NO, NP, NR, NU, NZ, OM, PA, PE, PF, PG, PH, PK, PL, PM, PN, PS, PT, PY, QA, RE, RO, RS, RU, RW, SA, SB, SC, SD, SE, SG, SH, SI, SJ, SK, SL, SM, SN, SO, SR, SS, ST, SV, SX, SZ, TA, TC, TD, TF, TG, TH, TJ, TK, TL, TM, TN, TO, TR, TT, TV, TW, TZ, UA, UG, UM, US, UY, UZ, VA, VC, VE, VG, VN, VU, WF, WS, XK, YE, YT, ZA, ZM, ZW",Tessa Button Top (Linen) - Black / XXS,50444746588243,42,SGD,https://thetinselrack.com/cart/50444746588243:1?attributes[click_id]=example_click_id
Footwear & Bags,US,thursdayboots.com,"AD, AE, AG, AI, AL, AM, AO, AR, AT, AU, AW, AZ, BA, BB, BD, BE, BF, BG, BH, BI, BJ, BL, BM, BN, BO, BR, BS, BT, BW, BZ, CA, CG, CH, CI, CK, CL, CM, CN, CO, CR, CV, CW, CY, CZ, DE, DJ, DK, DM, DO, DZ, EC, EE, EG, ES, ET, FI, FJ, FK, FO, FR, GA, GB, GD, GE, GF, GG, GH, GI, GL, GM, GN, GP, GQ, GR, GT, GW, GY, HK, HN, HR, HT, HU, ID, IE, IL, IM, IN, IS, IT, JE, JM, JO, JP, KE, KG, KH, KI, KM, KN, KR, KW, KY, KZ, LA, LB, LC, LI, LK, LR, LS, LT, LU, LV, MA, MC, MD, ME, MF, MG, MK, MN, MO, MQ, MR, MS, MT, MU, MV, MW, MX, MY, MZ, NA, NC, NG, NI, NL, NO, NP, NR, NU, NZ, OM, PA, PE, PF, PG, PH, PK, PL, PT, PY, QA, RE, RO, RS, RW, SA, SB, SC, SE, SG, SH, SI, SK, SL, SM, SN, SR, ST, SV, SX, SZ, TC, TD, TG, TH, TL, TM, TN, TO, TR, TT, TV, TW, TZ, UG, US, UY, UZ, VA, VC, VE, VG, VN, VU, WF, WS, YT, ZA, ZM, ZW",Highland Sweater - Driftwood - M,44895399182426,148,USD,https://thursdayboots.com/cart/44895399182426:1?attributes[click_id]=example_click_id
Toys & Games,SG,toyster.sg,"*, AE, AT, AU, BE, BN, BQ, CA, CH, CL, CN, DE, DK, EE, ES, FI, FR, GB, GR, HK, HR, HU, ID, IE, IL, IN, IT, JP, KR, KW, LK, LT, LU, LV, MO, MY, NL, NO, NZ, PH, PL, PT, RO, RS, RU, SA, SE, SG, SI, SK, TH, TW, US, VN",You Can't Say Umm - Party Game,67759042822365,39.9,SGD,https://toyster.sg/cart/67759042822365:1?attributes[click_id]=example_click_id
Home & Living,US,tuftandneedle.com,US,SNOOZ Go 2 Travel White Noise Machine,44135014465602,60,USD,https://www.tuftandneedle.com/cart/44135014465602:1?attributes[click_id]=example_click_id
Computers & Electronics,US,twelvesouth.com,"AD, AE, AF, AG, AI, AL, AM, AN, AO, AR, AT, AU, AW, AX, AZ, BA, BB, BD, BE, BF, BG, BH, BI, BJ, BL, BM, BN, BO, BQ, BR, BS, BT, BV, BW, BY, BZ, CA, CC, CD, CF, CG, CH, CI, CK, CL, CM, CN, CO, CR, CU, CV, CW, CX, CY, CZ, DE, DJ, DK, DM, DO, DZ, EC, EE, EG, EH, ER, ES, ET, FI, FJ, FK, FO, FR, GA, GB, GD, GE, GF, GG, GH, GI, GL, GM, GN, GP, GQ, GR, GS, GT, GW, GY, HK, HM, HN, HR, HT, HU, ID, IE, IL, IM, IN, IO, IQ, IR, IS, IT, JE, JM, JO, JP, KE, KG, KH, KI, KM, KN, KP, KR, KW, KY, KZ, LA, LB, LC, LI, LK, LR, LS, LT, LU, LV, LY, MA, MC, MD, ME, MF, MG, ML, MM, MN, MO, MQ, MR, MS, MT, MU, MV, MW, MX, MY, MZ, NA, NC, NE, NF, NG, NI, NL, NO, NP, NR, NU, NZ, OM, PA, PE, PF, PG, PH, PK, PL, PM, PN, PS, PT, PY, QA, RE, RO, RS, RW, SA, SB, SC, SD, SE, SG, SH, SI, SJ, SK, SL, SM, SN, SO, SR, SS, ST, SV, SX, SY, SZ, TC, TD, TF, TG, TH, TJ, TK, TL, TM, TN, TO, TR, TT, TV, TW, TZ, UA, UG, UM, US, UY, UZ, VA, VC, VE, VG, VN, VU, WF, WS, XK, YE, YT, ZA, ZM, ZW",PowerBug 25W (Qi2.2) - White/Dune,46441190424633,49.99,USD,https://www.twelvesouth.com/cart/46441190424633:1?attributes[click_id]=example_click_id
Computers & Electronics,SG,ugreen.com.sg,SG,UGREEN Dual Mode Bluetooth + 2.4GHz Wireless Mouse 4000 DPI,51210551099639,32.99,SGD,https://ugreen.com.sg/cart/51210551099639:1?attributes[click_id]=example_click_id
Maker & DIY Electronics,GB,unmannedtechshop.co.uk,"*, AE, AR, AT, AU, BE, BG, BH, BR, CA, CH, CL, CN, CY, CZ, DE, DK, EE, ES, FI, FR, GB, GG, GR, HK, HR, HU, IE, IL, IM, IN, IQ, IS, IT, JE, JP, KR, KW, LT, LU, LV, MD, MK, MT, MY, NL, NO, NZ, PL, PT, QA, RO, RS, SE, SG, SI, SK, TR, UA, US, VN, ZA, ZW",Happymodel RS1102 10000KV Brushless Motor,58239463883133,5.99,GBP,https://www.unmannedtechshop.co.uk/cart/58239463883133:1?attributes[click_id]=example_click_id
Computers & Electronics,HK,uperfect.com,"AE, AT, AU, BE, BG, CA, CH, CN, CY, CZ, DE, DK, EE, ES, FI, FR, GB, GR, HK, HR, HU, ID, IE, IT, JP, KR, LT, LU, LV, MT, MX, MY, NL, NO, NZ, PH, PL, PT, RO, RS, RU, SA, SE, SG, SI, SK, TH, US",BE185GF 18.5in 1080P Wireless Touchscreen Portable Monitor,41308987621448,299.99,USD,https://uperfect.com/cart/41308987621448:1?attributes[click_id]=example_click_id
Computers & Electronics,SE,wakegamingpad.com,"AT, BE, CZ, DE, DK, EE, ES, FI, FR, LT, LU, LV, NL, PL, SE, SK",Liquid Red Gaming Mousepad XL,46947546726749,399,SEK,https://wakegamingpad.com/cart/46947546726749:1?attributes[click_id]=example_click_id
Pets,US,wildone.com,"AD, AE, AF, AG, AI, AL, AM, AO, AR, AT, AU, AW, AX, AZ, BA, BB, BD, BE, BF, BG, BH, BI, BJ, BL, BM, BN, BO, BQ, BS, BT, BW, BY, BZ, CA, CC, CH, CI, CK, CL, CM, CN, CO, CR, CV, CW, CX, CY, CZ, DE, DJ, DK, DM, DO, DZ, EC, EE, EG, EH, ER, ES, ET, FI, FJ, FK, FO, FR, GA, GB, GD, GE, GF, GG, GH, GI, GL, GM, GN, GP, GQ, GR, GT, GW, GY, HK, HN, HR, HT, HU, ID, IE, IL, IM, IN, IO, IQ, IS, IT, JE, JM, JO, JP, KE, KG, KH, KI, KM, KN, KR, KW, KY, KZ, LA, LB, LC, LI, LK, LR, LS, LT, LU, LV, LY, MA, MC, MD, ME, MF, MG, MK, ML, MM, MN, MO, MQ, MR, MS, MT, MU, MV, MW, MX, MY, MZ, NA, NE, NF, NI, NL, NO, NP, NR, NU, NZ, OM, PA, PE, PF, PH, PK, PL, PM, PN, PS, PT, PY, QA, RE, RO, RS, RW, SB, SC, SE, SG, SH, SI, SJ, SK, SM, SN, SR, ST, SV, SX, SZ, TC, TD, TG, TH, TJ, TK, TL, TM, TN, TO, TR, TT, TV, TW, TZ, UA, UG, UM, US, UY, UZ, VA, VC, VG, VN, VU, WF, WS, XK, YE, YT, ZA, ZM, ZW",Cat Slow Feeder - Lilac,45163409539267,12,USD,https://wildone.com/cart/45163409539267:1?attributes[click_id]=example_click_id
Gifts & Flowers,SG,windflowerflorist.com,SG,Bonbon - Standard,54393308676320,85,SGD,https://windflowerflorist.com/cart/54393308676320:1?attributes[click_id]=example_click_id
Footwear & Bags,SG,worldpolo.sg,SG,Heavy Duty Luggage - Cinnamon / 20inch (cabin size),46944435503330,45.9,SGD,https://worldpolo.sg/cart/46944435503330:1?attributes[click_id]=example_click_id
Grocery & Pantry,SG,zenxin.com.sg,"*, SG",[FRESH] Organic English Cabbage Malaysia 1pc,46094659453157,3.3,SGD,https://zenxin.com.sg/cart/46094659453157:1?attributes[click_id]=example_click_id
Office & Business Supplies,GB,zmdesktop.com,"AD, AE, AF, AG, AI, AL, AM, AR, AT, AU, AW, AX, AZ, BA, BB, BD, BE, BG, BH, BL, BM, BN, BO, BQ, BR, BS, BT, BY, BZ, CA, CC, CH, CK, CL, CN, CO, CR, CW, CX, CY, CZ, DE, DK, DM, DO, EC, EE, ES, FI, FJ, FK, FO, FR, GB, GD, GE, GF, GG, GI, GL, GP, GR, GS, GT, GY, HK, HN, HR, HT, HU, ID, IE, IL, IM, IN, IQ, IS, IT, JE, JM, JO, JP, KG, KH, KI, KN, KR, KW, KY, KZ, LA, LB, LC, LI, LK, LT, LU, LV, MC, MD, ME, MF, MK, MM, MN, MO, MQ, MS, MT, MV, MX, MY, NC, NF, NI, NL, NO, NP, NR, NU, NZ, OM, PA, PE, PF, PG, PH, PK, PL, PM, PN, PS, PT, PY, QA, RO, RS, RU, SA, SB, SE, SG, SI, SJ, SK, SM, SR, SV, SX, TC, TH, TJ, TK, TL, TM, TO, TR, TT, TV, TW, UA, US, UY, UZ, VA, VC, VE, VG, VN, VU, WF, WS, XK, YE, ZA",Modular Space-Saving Laptop Stand (2025) - Black Walnut,46304562970868,58,USD,https://zmdesktop.com/cart/46304562970868:1?attributes[click_id]=example_click_id